sample_id,path,class_id,label,signer_id,repetition,codec,width,height,nominal_fps,average_fps,num_frames,duration_seconds,has_audio
01AcontecerSinalizador01-1,raw/01AcontecerSinalizador01-1.mp4,1,Acontecer,1,1,h264,1920,1080,30.0,30.29126213592233,104,3.433333,True
01AcontecerSinalizador01-2,raw/01AcontecerSinalizador01-2.mp4,1,Acontecer,1,2,h264,1920,1080,30.0,30.232558139534884,130,4.3,True
01AcontecerSinalizador01-3,raw/01AcontecerSinalizador01-3.mp4,1,Acontecer,1,3,h264,1920,1080,30.0,30.252100840336134,120,3.966667,True
01AcontecerSinalizador01-4,raw/01AcontecerSinalizador01-4.mp4,1,Acontecer,1,4,h264,1920,1080,30.0,30.25,121,4.0,True
01AcontecerSinalizador01-5,raw/01AcontecerSinalizador01-5.mp4,1,Acontecer,1,5,h264,1920,1080,30.0,30.23076923076923,131,4.333333,True
01AcontecerSinalizador02-1,raw/01AcontecerSinalizador02-1.mp4,1,Acontecer,2,1,h264,1920,1080,30.0,30.29126213592233,104,3.433333,True
01AcontecerSinalizador02-2,raw/01AcontecerSinalizador02-2.mp4,1,Acontecer,2,2,h264,1920,1080,30.0,30.24590163934426,123,4.066667,True
01AcontecerSinalizador02-3,raw/01AcontecerSinalizador02-3.mp4,1,Acontecer,2,3,h264,1920,1080,30.0,30.28301886792453,107,3.533333,True
01AcontecerSinalizador02-4,raw/01AcontecerSinalizador02-4.mp4,1,Acontecer,2,4,h264,1920,1080,30.0,30.20979020979021,144,4.766667,True
01AcontecerSinalizador02-5,raw/01AcontecerSinalizador02-5.mp4,1,Acontecer,2,5,h264,1920,1080,30.0,30.275229357798164,110,3.633333,True
01AcontecerSinalizador05-1,raw/01AcontecerSinalizador05-1.mp4,1,Acontecer,5,1,h264,1920,1080,30.0,30.234375,129,4.266667,True
01AcontecerSinalizador05-2,raw/01AcontecerSinalizador05-2.mp4,1,Acontecer,5,2,h264,1920,1080,30.0,30.2803738317757,108,3.566667,True
01AcontecerSinalizador05-3,raw/01AcontecerSinalizador05-3.mp4,1,Acontecer,5,3,h264,1920,1080,30.0,30.252100840336134,120,3.966667,True
01AcontecerSinalizador05-4,raw/01AcontecerSinalizador05-4.mp4,1,Acontecer,5,4,h264,1920,1080,30.0,30.241935483870968,125,4.133333,True
01AcontecerSinalizador05-5,raw/01AcontecerSinalizador05-5.mp4,1,Acontecer,5,5,h264,1920,1080,30.0,30.3125,97,3.2,True
01AcontecerSinalizador06-1,raw/01AcontecerSinalizador06-1.mp4,1,Acontecer,6,1,h264,1920,1080,30.0,30.28301886792453,107,3.533333,True
01AcontecerSinalizador06-2,raw/01AcontecerSinalizador06-2.mp4,1,Acontecer,6,2,h264,1920,1080,30.0,30.20689655172414,146,4.833333,True
01AcontecerSinalizador06-3,raw/01AcontecerSinalizador06-3.mp4,1,Acontecer,6,3,h264,1920,1080,30.0,30.198675496688743,152,5.033333,True
01AcontecerSinalizador06-4,raw/01AcontecerSinalizador06-4.mp4,1,Acontecer,6,4,h264,1920,1080,30.0,30.25,121,4.0,True
01AcontecerSinalizador06-5,raw/01AcontecerSinalizador06-5.mp4,1,Acontecer,6,5,h264,1920,1080,30.0,30.294117647058822,103,3.4,True
01AcontecerSinalizador08-1,raw/01AcontecerSinalizador08-1.mp4,1,Acontecer,8,1,h264,1920,1080,29.97002997002997,30.344655344655344,81,2.669333,True
01AcontecerSinalizador08-2,raw/01AcontecerSinalizador08-2.mp4,1,Acontecer,8,2,h264,1920,1080,29.97002997002997,30.28221778221778,97,3.2032,True
01AcontecerSinalizador08-3,raw/01AcontecerSinalizador08-3.mp4,1,Acontecer,8,3,h264,1920,1080,29.97002997002997,30.344655344655344,81,2.669333,True
01AcontecerSinalizador08-4,raw/01AcontecerSinalizador08-4.mp4,1,Acontecer,8,4,h264,1920,1080,29.97002997002997,30.295791165356384,93,3.069733,True
01AcontecerSinalizador08-5,raw/01AcontecerSinalizador08-5.mp4,1,Acontecer,8,5,h264,1920,1080,29.97002997002997,30.258203335126414,105,3.470133,True
01AcontecerSinalizador10-1,raw/01AcontecerSinalizador10-1.mp4,1,Acontecer,10,1,h264,1920,1080,30.0,30.319148936170212,95,3.133333,True
01AcontecerSinalizador10-2,raw/01AcontecerSinalizador10-2.mp4,1,Acontecer,10,2,h264,1920,1080,30.0,30.32608695652174,93,3.066667,True
01AcontecerSinalizador10-3,raw/01AcontecerSinalizador10-3.mp4,1,Acontecer,10,3,h264,1920,1080,30.0,30.234375,129,4.266667,True
01AcontecerSinalizador10-4,raw/01AcontecerSinalizador10-4.mp4,1,Acontecer,10,4,h264,1920,1080,30.0,30.309278350515463,98,3.233333,True
01AcontecerSinalizador10-5,raw/01AcontecerSinalizador10-5.mp4,1,Acontecer,10,5,h264,1920,1080,30.0,30.303030303030305,100,3.3,True
01AcontecerSinalizador11-1,raw/01AcontecerSinalizador11-1.mp4,1,Acontecer,11,1,h264,1920,1080,30.0,30.22222222222222,136,4.5,True
01AcontecerSinalizador11-2,raw/01AcontecerSinalizador11-2.mp4,1,Acontecer,11,2,h264,1920,1080,30.0,30.24390243902439,124,4.1,True
01AcontecerSinalizador11-3,raw/01AcontecerSinalizador11-3.mp4,1,Acontecer,11,3,h264,1920,1080,30.0,30.20689655172414,146,4.833333,True
01AcontecerSinalizador11-4,raw/01AcontecerSinalizador11-4.mp4,1,Acontecer,11,4,h264,1920,1080,30.0,30.20689655172414,146,4.833333,True
01AcontecerSinalizador11-5,raw/01AcontecerSinalizador11-5.mp4,1,Acontecer,11,5,h264,1920,1080,30.0,30.23076923076923,131,4.333333,True
01AcontecerSinalizador12-1,raw/01AcontecerSinalizador12-1.mp4,1,Acontecer,12,1,h264,1920,1080,30.0,30.21897810218978,138,4.566667,True
01AcontecerSinalizador12-2,raw/01AcontecerSinalizador12-2.mp4,1,Acontecer,12,2,h264,1920,1080,30.0,30.24590163934426,123,4.066667,True
01AcontecerSinalizador12-3,raw/01AcontecerSinalizador12-3.mp4,1,Acontecer,12,3,h264,1920,1080,30.0,30.192307692307693,157,5.2,True
01AcontecerSinalizador12-4,raw/01AcontecerSinalizador12-4.mp4,1,Acontecer,12,4,h264,1920,1080,30.0,30.20689655172414,146,4.833333,True
01AcontecerSinalizador12-5,raw/01AcontecerSinalizador12-5.mp4,1,Acontecer,12,5,h264,1920,1080,30.0,30.21897810218978,138,4.566667,True
02AlunoSinalizador01-1,raw/02AlunoSinalizador01-1.mp4,2,Aluno,1,1,h264,1920,1080,30.0,30.232558139534884,130,4.3,True
02AlunoSinalizador01-2,raw/02AlunoSinalizador01-2.mp4,2,Aluno,1,2,h264,1920,1080,30.0,30.211267605633804,143,4.733333,True
02AlunoSinalizador01-3,raw/02AlunoSinalizador01-3.mp4,2,Aluno,1,3,h264,1920,1080,30.0,30.201342281879196,150,4.966667,True
02AlunoSinalizador01-4,raw/02AlunoSinalizador01-4.mp4,2,Aluno,1,4,h264,1920,1080,30.0,30.194805194805195,155,5.133333,True
02AlunoSinalizador01-5,raw/02AlunoSinalizador01-5.mp4,2,Aluno,1,5,h264,1920,1080,30.0,30.178571428571427,169,5.6,True
02AlunoSinalizador02-1,raw/02AlunoSinalizador02-1.mp4,2,Aluno,2,1,h264,1920,1080,30.0,30.192307692307693,157,5.2,True
02AlunoSinalizador02-2,raw/02AlunoSinalizador02-2.mp4,2,Aluno,2,2,h264,1920,1080,30.0,30.229007633587788,132,4.366667,True
02AlunoSinalizador02-3,raw/02AlunoSinalizador02-3.mp4,2,Aluno,2,3,h264,1920,1080,30.0,30.192307692307693,157,5.2,True
02AlunoSinalizador02-4,raw/02AlunoSinalizador02-4.mp4,2,Aluno,2,4,h264,1920,1080,30.0,30.1840490797546,164,5.433333,True
02AlunoSinalizador02-5,raw/02AlunoSinalizador02-5.mp4,2,Aluno,2,5,h264,1920,1080,30.0,30.24793388429752,122,4.033333,True
02AlunoSinalizador05-1,raw/02AlunoSinalizador05-1.mp4,2,Aluno,5,1,h264,1920,1080,30.0,30.179640718562876,168,5.566667,True
02AlunoSinalizador05-2,raw/02AlunoSinalizador05-2.mp4,2,Aluno,5,2,h264,1920,1080,30.0,30.174418604651162,173,5.733333,True
02AlunoSinalizador05-3,raw/02AlunoSinalizador05-3.mp4,2,Aluno,5,3,h264,1920,1080,30.0,30.189873417721518,159,5.266667,True
02AlunoSinalizador05-4,raw/02AlunoSinalizador05-4.mp4,2,Aluno,5,4,h264,1920,1080,30.0,30.176470588235293,171,5.666667,True
02AlunoSinalizador05-5,raw/02AlunoSinalizador05-5.mp4,2,Aluno,5,5,h264,1920,1080,30.0,30.18633540372671,162,5.366667,True
02AlunoSinalizador06-1,raw/02AlunoSinalizador06-1.mp4,2,Aluno,6,1,h264,1920,1080,30.0,30.178571428571427,169,5.6,True
02AlunoSinalizador06-2,raw/02AlunoSinalizador06-2.mp4,2,Aluno,6,2,h264,1920,1080,30.0,30.161290322580644,187,6.2,True
02AlunoSinalizador06-3,raw/02AlunoSinalizador06-3.mp4,2,Aluno,6,3,h264,1920,1080,30.0,30.174418604651162,173,5.733333,True
02AlunoSinalizador06-4,raw/02AlunoSinalizador06-4.mp4,2,Aluno,6,4,h264,1920,1080,30.0,30.157894736842106,191,6.333333,True
02AlunoSinalizador06-5,raw/02AlunoSinalizador06-5.mp4,2,Aluno,6,5,h264,1920,1080,30.0,30.173410404624278,174,5.766667,True
02AlunoSinalizador08-1,raw/02AlunoSinalizador08-1.mp4,2,Aluno,8,1,h264,1920,1080,29.97002997002997,30.211723760110857,125,4.137467,True
02AlunoSinalizador08-2,raw/02AlunoSinalizador08-2.mp4,2,Aluno,8,2,h264,1920,1080,29.97002997002997,30.217716168129392,122,4.037367,True
02AlunoSinalizador08-3,raw/02AlunoSinalizador08-3.mp4,2,Aluno,8,3,h264,1920,1080,29.97002997002997,30.217716168129392,122,4.037367,True
02AlunoSinalizador08-4,raw/02AlunoSinalizador08-4.mp4,2,Aluno,8,4,h264,1920,1080,29.97002997002997,30.159713704017502,159,5.271933,True
02AlunoSinalizador08-5,raw/02AlunoSinalizador08-5.mp4,2,Aluno,8,5,h264,1920,1080,29.97002997002997,30.187204100247577,139,4.6046,True
02AlunoSinalizador10-1,raw/02AlunoSinalizador10-1.mp4,2,Aluno,10,1,h264,1920,1080,30.0,30.297029702970296,102,3.366667,True
02AlunoSinalizador10-2,raw/02AlunoSinalizador10-2.mp4,2,Aluno,10,2,h264,1920,1080,30.0,30.3,101,3.333333,True
02AlunoSinalizador10-3,raw/02AlunoSinalizador10-3.mp4,2,Aluno,10,3,h264,1920,1080,30.0,30.265486725663717,114,3.766667,True
02AlunoSinalizador10-4,raw/02AlunoSinalizador10-4.mp4,2,Aluno,10,4,h264,1920,1080,30.0,30.285714285714285,106,3.5,True
02AlunoSinalizador10-5,raw/02AlunoSinalizador10-5.mp4,2,Aluno,10,5,h264,1920,1080,30.0,30.27777777777778,109,3.6,True
02AlunoSinalizador11-1,raw/02AlunoSinalizador11-1.mp4,2,Aluno,11,1,h264,1920,1080,30.0,30.205479452054796,147,4.866667,True
02AlunoSinalizador11-2,raw/02AlunoSinalizador11-2.mp4,2,Aluno,11,2,h264,1920,1080,30.0,30.194805194805195,155,5.133333,True
02AlunoSinalizador11-3,raw/02AlunoSinalizador11-3.mp4,2,Aluno,11,3,h264,1920,1080,30.0,30.18867924528302,160,5.3,True
02AlunoSinalizador11-4,raw/02AlunoSinalizador11-4.mp4,2,Aluno,11,4,h264,1920,1080,30.0,30.178571428571427,169,5.6,True
02AlunoSinalizador11-5,raw/02AlunoSinalizador11-5.mp4,2,Aluno,11,5,h264,1920,1080,30.0,30.214285714285715,141,4.666667,True
02AlunoSinalizador12-1,raw/02AlunoSinalizador12-1.mp4,2,Aluno,12,1,h264,1920,1080,30.0,30.129310344827587,233,7.733333,True
02AlunoSinalizador12-2,raw/02AlunoSinalizador12-2.mp4,2,Aluno,12,2,h264,1920,1080,30.0,30.15,201,6.666667,True
02AlunoSinalizador12-3,raw/02AlunoSinalizador12-3.mp4,2,Aluno,12,3,h264,1920,1080,30.0,30.165745856353592,182,6.033333,True
02AlunoSinalizador12-4,raw/02AlunoSinalizador12-4.mp4,2,Aluno,12,4,h264,1920,1080,30.0,30.168539325842698,179,5.933333,True
02AlunoSinalizador12-5,raw/02AlunoSinalizador12-5.mp4,2,Aluno,12,5,h264,1920,1080,30.0,30.144927536231883,208,6.9,True
03AmareloSinalizador01-1,raw/03AmareloSinalizador01-1.mp4,3,Amarelo,1,1,h264,1920,1080,30.0,30.1840490797546,164,5.433333,True
03AmareloSinalizador01-2,raw/03AmareloSinalizador01-2.mp4,3,Amarelo,1,2,h264,1920,1080,30.0,30.164835164835164,183,6.066667,True
03AmareloSinalizador01-3,raw/03AmareloSinalizador01-3.mp4,3,Amarelo,1,3,h264,1920,1080,30.0,30.217391304347824,139,4.6,True
03AmareloSinalizador01-4,raw/03AmareloSinalizador01-4.mp4,3,Amarelo,1,4,h264,1920,1080,30.0,30.18633540372671,162,5.366667,True
03AmareloSinalizador01-5,raw/03AmareloSinalizador01-5.mp4,3,Amarelo,1,5,h264,1920,1080,30.0,30.208333333333332,145,4.8,True
03AmareloSinalizador02-1,raw/03AmareloSinalizador02-1.mp4,3,Amarelo,2,1,h264,1920,1080,30.0,30.241935483870968,125,4.133333,True
03AmareloSinalizador02-2,raw/03AmareloSinalizador02-2.mp4,3,Amarelo,2,2,h264,1920,1080,30.0,30.180722891566266,167,5.533333,True
03AmareloSinalizador02-3,raw/03AmareloSinalizador02-3.mp4,3,Amarelo,2,3,h264,1920,1080,30.0,30.194805194805195,155,5.133333,True
03AmareloSinalizador02-4,raw/03AmareloSinalizador02-4.mp4,3,Amarelo,2,4,h264,1920,1080,30.0,30.1840490797546,164,5.433333,True
03AmareloSinalizador02-5,raw/03AmareloSinalizador02-5.mp4,3,Amarelo,2,5,h264,1920,1080,30.0,30.29126213592233,104,3.433333,True
03AmareloSinalizador05-1,raw/03AmareloSinalizador05-1.mp4,3,Amarelo,5,1,h264,1920,1080,30.0,30.18867924528302,160,5.3,True
03AmareloSinalizador05-2,raw/03AmareloSinalizador05-2.mp4,3,Amarelo,5,2,h264,1920,1080,30.0,30.211267605633804,143,4.733333,True
03AmareloSinalizador05-3,raw/03AmareloSinalizador05-3.mp4,3,Amarelo,5,3,h264,1920,1080,30.0,30.3,101,3.333333,True
03AmareloSinalizador05-4,raw/03AmareloSinalizador05-4.mp4,3,Amarelo,5,4,h264,1920,1080,30.0,30.309278350515463,98,3.233333,True
03AmareloSinalizador05-5,raw/03AmareloSinalizador05-5.mp4,3,Amarelo,5,5,h264,1920,1080,30.0,30.256410256410255,118,3.9,True
03AmareloSinalizador06-1,raw/03AmareloSinalizador06-1.mp4,3,Amarelo,6,1,h264,1920,1080,30.0,30.194805194805195,155,5.133333,True
03AmareloSinalizador06-2,raw/03AmareloSinalizador06-2.mp4,3,Amarelo,6,2,h264,1920,1080,30.0,30.225563909774436,134,4.433333,True
03AmareloSinalizador06-3,raw/03AmareloSinalizador06-3.mp4,3,Amarelo,6,3,h264,1920,1080,30.0,30.23076923076923,131,4.333333,True
03AmareloSinalizador06-4,raw/03AmareloSinalizador06-4.mp4,3,Amarelo,6,4,h264,1920,1080,30.0,30.225563909774436,134,4.433333,True
03AmareloSinalizador06-5,raw/03AmareloSinalizador06-5.mp4,3,Amarelo,6,5,h264,1920,1080,30.0,30.201342281879196,150,4.966667,True
03AmareloSinalizador08-1,raw/03AmareloSinalizador08-1.mp4,3,Amarelo,8,1,h264,1920,1080,29.97002997002997,30.247530247530246,109,3.6036,True
03AmareloSinalizador08-2,raw/03AmareloSinalizador08-2.mp4,3,Amarelo,8,2,h264,1920,1080,29.97002997002997,30.266762940030265,102,3.370033,True
03AmareloSinalizador08-3,raw/03AmareloSinalizador08-3.mp4,3,Amarelo,8,3,h264,1920,1080,29.97002997002997,30.24003024003024,112,3.7037,True
03AmareloSinalizador08-4,raw/03AmareloSinalizador08-4.mp4,3,Amarelo,8,4,h264,1920,1080,29.97002997002997,30.285503969714497,96,3.169833,True
03AmareloSinalizador08-5,raw/03AmareloSinalizador08-5.mp4,3,Amarelo,8,5,h264,1920,1080,29.97002997002997,30.24498437342474,110,3.636967,True
03AmareloSinalizador10-1,raw/03AmareloSinalizador10-1.mp4,3,Amarelo,10,1,h264,1920,1080,30.0,30.28301886792453,107,3.533333,True
03AmareloSinalizador10-2,raw/03AmareloSinalizador10-2.mp4,3,Amarelo,10,2,h264,1920,1080,30.0,30.208333333333332,145,4.8,True
03AmareloSinalizador10-3,raw/03AmareloSinalizador10-3.mp4,3,Amarelo,10,3,h264,1920,1080,30.0,30.241935483870968,125,4.133333,True
03AmareloSinalizador10-4,raw/03AmareloSinalizador10-4.mp4,3,Amarelo,10,4,h264,1920,1080,30.0,30.220588235294116,137,4.533333,True
03AmareloSinalizador10-5,raw/03AmareloSinalizador10-5.mp4,3,Amarelo,10,5,h264,1920,1080,30.0,30.26086956521739,116,3.833333,True
03AmareloSinalizador11-1,raw/03AmareloSinalizador11-1.mp4,3,Amarelo,11,1,h264,1920,1080,30.0,30.178571428571427,169,5.6,True
03AmareloSinalizador11-2,raw/03AmareloSinalizador11-2.mp4,3,Amarelo,11,2,h264,1920,1080,30.0,30.159574468085108,189,6.266667,True
03AmareloSinalizador11-3,raw/03AmareloSinalizador11-3.mp4,3,Amarelo,11,3,h264,1920,1080,30.0,30.170454545454547,177,5.866667,True
03AmareloSinalizador11-4,raw/03AmareloSinalizador11-4.mp4,3,Amarelo,11,4,h264,1920,1080,30.0,30.150753768844222,200,6.633333,True
03AmareloSinalizador11-5,raw/03AmareloSinalizador11-5.mp4,3,Amarelo,11,5,h264,1920,1080,30.0,30.178571428571427,169,5.6,True
03AmareloSinalizador12-1,raw/03AmareloSinalizador12-1.mp4,3,Amarelo,12,1,h264,1920,1080,30.0,30.145631067961165,207,6.866667,True
03AmareloSinalizador12-2,raw/03AmareloSinalizador12-2.mp4,3,Amarelo,12,2,h264,1920,1080,30.0,30.191082802547772,158,5.233333,True
03AmareloSinalizador12-3,raw/03AmareloSinalizador12-3.mp4,3,Amarelo,12,3,h264,1920,1080,30.0,30.157068062827225,192,6.366667,True
03AmareloSinalizador12-4,raw/03AmareloSinalizador12-4.mp4,3,Amarelo,12,4,h264,1920,1080,30.0,30.194805194805195,155,5.133333,True
03AmareloSinalizador12-5,raw/03AmareloSinalizador12-5.mp4,3,Amarelo,12,5,h264,1920,1080,30.0,30.178571428571427,169,5.6,True
04AmericaSinalizador01-1,raw/04AmericaSinalizador01-1.mp4,4,America,1,1,h264,1920,1080,30.0,30.272727272727273,111,3.666667,True
04AmericaSinalizador01-2,raw/04AmericaSinalizador01-2.mp4,4,America,1,2,h264,1920,1080,30.0,30.20408163265306,148,4.9,True
04AmericaSinalizador01-3,raw/04AmericaSinalizador01-3.mp4,4,America,1,3,h264,1920,1080,30.0,30.2,151,5.0,True
04AmericaSinalizador01-4,raw/04AmericaSinalizador01-4.mp4,4,America,1,4,h264,1920,1080,30.0,30.19607843137255,154,5.1,True
04AmericaSinalizador01-5,raw/04AmericaSinalizador01-5.mp4,4,America,1,5,h264,1920,1080,30.0,30.19736842105263,153,5.066667,True
04AmericaSinalizador02-1,raw/04AmericaSinalizador02-1.mp4,4,America,2,1,h264,1920,1080,30.0,30.18867924528302,160,5.3,True
04AmericaSinalizador02-2,raw/04AmericaSinalizador02-2.mp4,4,America,2,2,h264,1920,1080,30.0,30.191082802547772,158,5.233333,True
04AmericaSinalizador02-3,raw/04AmericaSinalizador02-3.mp4,4,America,2,3,h264,1920,1080,30.0,30.19736842105263,153,5.066667,True
04AmericaSinalizador02-4,raw/04AmericaSinalizador02-4.mp4,4,America,2,4,h264,1920,1080,30.0,30.178571428571427,169,5.6,True
04AmericaSinalizador02-5,raw/04AmericaSinalizador02-5.mp4,4,America,2,5,h264,1920,1080,30.0,30.214285714285715,141,4.666667,True
04AmericaSinalizador05-1,raw/04AmericaSinalizador05-1.mp4,4,America,5,1,h264,1920,1080,30.0,30.265486725663717,114,3.766667,True
04AmericaSinalizador05-2,raw/04AmericaSinalizador05-2.mp4,4,America,5,2,h264,1920,1080,30.0,30.198675496688743,152,5.033333,True
04AmericaSinalizador05-3,raw/04AmericaSinalizador05-3.mp4,4,America,5,3,h264,1920,1080,30.0,30.21897810218978,138,4.566667,True
04AmericaSinalizador05-4,raw/04AmericaSinalizador05-4.mp4,4,America,5,4,h264,1920,1080,30.0,30.194805194805195,155,5.133333,True
04AmericaSinalizador05-5,raw/04AmericaSinalizador05-5.mp4,4,America,5,5,h264,1920,1080,30.0,30.217391304347824,139,4.6,True
04AmericaSinalizador06-1,raw/04AmericaSinalizador06-1.mp4,4,America,6,1,h264,1920,1080,30.0,30.193548387096776,156,5.166667,True
04AmericaSinalizador06-2,raw/04AmericaSinalizador06-2.mp4,4,America,6,2,h264,1920,1080,30.0,30.19736842105263,153,5.066667,True
04AmericaSinalizador06-3,raw/04AmericaSinalizador06-3.mp4,4,America,6,3,h264,1920,1080,30.0,30.21897810218978,138,4.566667,True
04AmericaSinalizador06-4,raw/04AmericaSinalizador06-4.mp4,4,America,6,4,h264,1920,1080,30.0,30.217391304347824,139,4.6,True
04AmericaSinalizador06-5,raw/04AmericaSinalizador06-5.mp4,4,America,6,5,h264,1920,1080,30.0,30.211267605633804,143,4.733333,True
04AmericaSinalizador08-1,raw/04AmericaSinalizador08-1.mp4,4,America,8,1,h264,1920,1080,29.97002997002997,30.258203335126414,105,3.470133,True
04AmericaSinalizador08-2,raw/04AmericaSinalizador08-2.mp4,4,America,8,2,h264,1920,1080,29.97002997002997,30.20979020979021,126,4.170833,True
04AmericaSinalizador08-3,raw/04AmericaSinalizador08-3.mp4,4,America,8,3,h264,1920,1080,29.97002997002997,30.202355783751134,130,4.3043,True
04AmericaSinalizador08-4,raw/04AmericaSinalizador08-4.mp4,4,America,8,4,h264,1920,1080,29.97002997002997,30.185641696433063,140,4.637967,True
04AmericaSinalizador08-5,raw/04AmericaSinalizador08-5.mp4,4,America,8,5,h264,1920,1080,29.97002997002997,30.20979020979021,126,4.170833,True
04AmericaSinalizador10-1,raw/04AmericaSinalizador10-1.mp4,4,America,10,1,h264,1920,1080,30.0,30.297029702970296,102,3.366667,True
04AmericaSinalizador10-2,raw/04AmericaSinalizador10-2.mp4,4,America,10,2,h264,1920,1080,30.0,30.236220472440944,128,4.233333,True
04AmericaSinalizador10-3,raw/04AmericaSinalizador10-3.mp4,4,America,10,3,h264,1920,1080,30.0,30.297029702970296,102,3.366667,True
04AmericaSinalizador10-4,raw/04AmericaSinalizador10-4.mp4,4,America,10,4,h264,1920,1080,30.0,30.285714285714285,106,3.5,True
04AmericaSinalizador10-5,raw/04AmericaSinalizador10-5.mp4,4,America,10,5,h264,1920,1080,30.0,30.26086956521739,116,3.833333,True
04AmericaSinalizador11-1,raw/04AmericaSinalizador11-1.mp4,4,America,11,1,h264,1920,1080,30.0,30.236220472440944,128,4.233333,True
04AmericaSinalizador11-2,raw/04AmericaSinalizador11-2.mp4,4,America,11,2,h264,1920,1080,30.0,30.19607843137255,154,5.1,True
04AmericaSinalizador11-3,raw/04AmericaSinalizador11-3.mp4,4,America,11,3,h264,1920,1080,30.0,30.23076923076923,131,4.333333,True
04AmericaSinalizador11-4,raw/04AmericaSinalizador11-4.mp4,4,America,11,4,h264,1920,1080,30.0,30.205479452054796,147,4.866667,True
04AmericaSinalizador11-5,raw/04AmericaSinalizador11-5.mp4,4,America,11,5,h264,1920,1080,30.0,30.220588235294116,137,4.533333,True
04AmericaSinalizador12-1,raw/04AmericaSinalizador12-1.mp4,4,America,12,1,h264,1920,1080,30.0,30.16949152542373,178,5.9,True
04AmericaSinalizador12-2,raw/04AmericaSinalizador12-2.mp4,4,America,12,2,h264,1920,1080,30.0,30.179640718562876,168,5.566667,True
04AmericaSinalizador12-3,raw/04AmericaSinalizador12-3.mp4,4,America,12,3,h264,1920,1080,30.0,30.16393442622951,184,6.1,True
04AmericaSinalizador12-4,raw/04AmericaSinalizador12-4.mp4,4,America,12,4,h264,1920,1080,30.0,30.153846153846153,196,6.5,True
04AmericaSinalizador12-5,raw/04AmericaSinalizador12-5.mp4,4,America,12,5,h264,1920,1080,30.0,30.16304347826087,185,6.133333,True
05AproveitarSinalizador01-1,raw/05AproveitarSinalizador01-1.mp4,5,Aproveitar,1,1,h264,1920,1080,30.0,30.267857142857142,113,3.733333,True
05AproveitarSinalizador01-2,raw/05AproveitarSinalizador01-2.mp4,5,Aproveitar,1,2,h264,1920,1080,30.0,30.26086956521739,116,3.833333,True
05AproveitarSinalizador01-3,raw/05AproveitarSinalizador01-3.mp4,5,Aproveitar,1,3,h264,1920,1080,30.0,30.256410256410255,118,3.9,True
05AproveitarSinalizador01-4,raw/05AproveitarSinalizador01-4.mp4,5,Aproveitar,1,4,h264,1920,1080,30.0,30.27027027027027,112,3.7,True
05AproveitarSinalizador01-5,raw/05AproveitarSinalizador01-5.mp4,5,Aproveitar,1,5,h264,1920,1080,30.0,30.272727272727273,111,3.666667,True
05AproveitarSinalizador02-1,raw/05AproveitarSinalizador02-1.mp4,5,Aproveitar,2,1,h264,1920,1080,30.0,30.214285714285715,141,4.666667,True
05AproveitarSinalizador02-2,raw/05AproveitarSinalizador02-2.mp4,5,Aproveitar,2,2,h264,1920,1080,30.0,30.333333333333332,91,3.0,True
05AproveitarSinalizador02-3,raw/05AproveitarSinalizador02-3.mp4,5,Aproveitar,2,3,h264,1920,1080,30.0,30.306122448979593,99,3.266667,True
05AproveitarSinalizador02-4,raw/05AproveitarSinalizador02-4.mp4,5,Aproveitar,2,4,h264,1920,1080,30.0,30.211267605633804,143,4.733333,True
05AproveitarSinalizador02-5,raw/05AproveitarSinalizador02-5.mp4,5,Aproveitar,2,5,h264,1920,1080,30.0,30.16949152542373,178,5.9,True
05AproveitarSinalizador05-1,raw/05AproveitarSinalizador05-1.mp4,5,Aproveitar,5,1,h264,1920,1080,30.0,30.265486725663717,114,3.766667,True
05AproveitarSinalizador05-2,raw/05AproveitarSinalizador05-2.mp4,5,Aproveitar,5,2,h264,1920,1080,30.0,30.344827586206897,88,2.9,True
05AproveitarSinalizador05-3,raw/05AproveitarSinalizador05-3.mp4,5,Aproveitar,5,3,h264,1920,1080,30.0,30.27777777777778,109,3.6,True
05AproveitarSinalizador05-4,raw/05AproveitarSinalizador05-4.mp4,5,Aproveitar,5,4,h264,1920,1080,30.0,30.27777777777778,109,3.6,True
05AproveitarSinalizador05-5,raw/05AproveitarSinalizador05-5.mp4,5,Aproveitar,5,5,h264,1920,1080,30.0,30.241935483870968,125,4.133333,True
05AproveitarSinalizador06-1,raw/05AproveitarSinalizador06-1.mp4,5,Aproveitar,6,1,h264,1920,1080,30.0,30.241935483870968,125,4.133333,True
05AproveitarSinalizador06-2,raw/05AproveitarSinalizador06-2.mp4,5,Aproveitar,6,2,h264,1920,1080,30.0,30.27777777777778,109,3.6,True
05AproveitarSinalizador06-3,raw/05AproveitarSinalizador06-3.mp4,5,Aproveitar,6,3,h264,1920,1080,30.0,30.24590163934426,123,4.066667,True
05AproveitarSinalizador06-4,raw/05AproveitarSinalizador06-4.mp4,5,Aproveitar,6,4,h264,1920,1080,30.0,30.34090909090909,89,2.933333,True
05AproveitarSinalizador06-5,raw/05AproveitarSinalizador06-5.mp4,5,Aproveitar,6,5,h264,1920,1080,30.0,30.285714285714285,106,3.5,True
05AproveitarSinalizador08-1,raw/05AproveitarSinalizador08-1.mp4,5,Aproveitar,8,1,h264,1920,1080,29.97002997002997,30.398173255316113,71,2.335667,True
05AproveitarSinalizador08-2,raw/05AproveitarSinalizador08-2.mp4,5,Aproveitar,8,2,h264,1920,1080,29.97002997002997,30.35426112349189,79,2.6026,True
05AproveitarSinalizador08-3,raw/05AproveitarSinalizador08-3.mp4,5,Aproveitar,8,3,h264,1920,1080,29.97002997002997,30.35925113847192,78,2.569233,True
05AproveitarSinalizador08-4,raw/05AproveitarSinalizador08-4.mp4,5,Aproveitar,8,4,h264,1920,1080,29.97002997002997,30.34003034003034,82,2.7027,True
05AproveitarSinalizador08-5,raw/05AproveitarSinalizador08-5.mp4,5,Aproveitar,8,5,h264,1920,1080,29.97002997002997,30.26973026973027,101,3.336667,True
05AproveitarSinalizador10-1,raw/05AproveitarSinalizador10-1.mp4,5,Aproveitar,10,1,h264,1920,1080,30.0,30.32608695652174,93,3.066667,True
05AproveitarSinalizador10-2,raw/05AproveitarSinalizador10-2.mp4,5,Aproveitar,10,2,h264,1920,1080,30.0,30.344827586206897,88,2.9,True
05AproveitarSinalizador10-3,raw/05AproveitarSinalizador10-3.mp4,5,Aproveitar,10,3,h264,1920,1080,30.0,30.294117647058822,103,3.4,True
05AproveitarSinalizador10-4,raw/05AproveitarSinalizador10-4.mp4,5,Aproveitar,10,4,h264,1920,1080,30.0,30.344827586206897,88,2.9,True
05AproveitarSinalizador10-5,raw/05AproveitarSinalizador10-5.mp4,5,Aproveitar,10,5,h264,1920,1080,30.0,30.34090909090909,89,2.933333,True
05AproveitarSinalizador11-1,raw/05AproveitarSinalizador11-1.mp4,5,Aproveitar,11,1,h264,1920,1080,30.0,30.25,121,4.0,True
05AproveitarSinalizador11-2,raw/05AproveitarSinalizador11-2.mp4,5,Aproveitar,11,2,h264,1920,1080,30.0,30.223880597014926,135,4.466667,True
05AproveitarSinalizador11-3,raw/05AproveitarSinalizador11-3.mp4,5,Aproveitar,11,3,h264,1920,1080,30.0,30.24590163934426,123,4.066667,True
05AproveitarSinalizador11-4,raw/05AproveitarSinalizador11-4.mp4,5,Aproveitar,11,4,h264,1920,1080,30.0,30.234375,129,4.266667,True
05AproveitarSinalizador11-5,raw/05AproveitarSinalizador11-5.mp4,5,Aproveitar,11,5,h264,1920,1080,30.0,30.25862068965517,117,3.866667,True
05AproveitarSinalizador12-1,raw/05AproveitarSinalizador12-1.mp4,5,Aproveitar,12,1,h264,1920,1080,30.0,30.229007633587788,132,4.366667,True
05AproveitarSinalizador12-2,raw/05AproveitarSinalizador12-2.mp4,5,Aproveitar,12,2,h264,1920,1080,30.0,30.267857142857142,113,3.733333,True
05AproveitarSinalizador12-3,raw/05AproveitarSinalizador12-3.mp4,5,Aproveitar,12,3,h264,1920,1080,30.0,30.24590163934426,123,4.066667,True
05AproveitarSinalizador12-4,raw/05AproveitarSinalizador12-4.mp4,5,Aproveitar,12,4,h264,1920,1080,30.0,30.272727272727273,111,3.666667,True
05AproveitarSinalizador12-5,raw/05AproveitarSinalizador12-5.mp4,5,Aproveitar,12,5,h264,1920,1080,30.0,30.3,101,3.333333,True
06BalaSinalizador01-1,raw/06BalaSinalizador01-1.mp4,6,Bala,1,1,h264,1920,1080,30.0,30.238095238095237,127,4.2,True
06BalaSinalizador01-2,raw/06BalaSinalizador01-2.mp4,6,Bala,1,2,h264,1920,1080,30.0,30.1840490797546,164,5.433333,True
06BalaSinalizador01-3,raw/06BalaSinalizador01-3.mp4,6,Bala,1,3,h264,1920,1080,30.0,30.24793388429752,122,4.033333,True
06BalaSinalizador01-4,raw/06BalaSinalizador01-4.mp4,6,Bala,1,4,h264,1920,1080,30.0,30.241935483870968,125,4.133333,True
06BalaSinalizador01-5,raw/06BalaSinalizador01-5.mp4,6,Bala,1,5,h264,1920,1080,30.0,30.220588235294116,137,4.533333,True
06BalaSinalizador02-1,raw/06BalaSinalizador02-1.mp4,6,Bala,2,1,h264,1920,1080,30.0,30.21276595744681,142,4.7,True
06BalaSinalizador02-2,raw/06BalaSinalizador02-2.mp4,6,Bala,2,2,h264,1920,1080,30.0,30.25862068965517,117,3.866667,True
06BalaSinalizador02-3,raw/06BalaSinalizador02-3.mp4,6,Bala,2,3,h264,1920,1080,30.0,30.238095238095237,127,4.2,True
06BalaSinalizador02-4,raw/06BalaSinalizador02-4.mp4,6,Bala,2,4,h264,1920,1080,30.0,30.25,121,4.0,True
06BalaSinalizador02-5,raw/06BalaSinalizador02-5.mp4,6,Bala,2,5,h264,1920,1080,30.0,30.24390243902439,124,4.1,True
06BalaSinalizador05-1,raw/06BalaSinalizador05-1.mp4,6,Bala,5,1,h264,1920,1080,30.0,30.22222222222222,136,4.5,True
06BalaSinalizador05-2,raw/06BalaSinalizador05-2.mp4,6,Bala,5,2,h264,1920,1080,30.0,30.241935483870968,125,4.133333,True
06BalaSinalizador05-3,raw/06BalaSinalizador05-3.mp4,6,Bala,5,3,h264,1920,1080,30.0,30.3125,97,3.2,True
06BalaSinalizador05-4,raw/06BalaSinalizador05-4.mp4,6,Bala,5,4,h264,1920,1080,30.0,30.220588235294116,137,4.533333,True
06BalaSinalizador05-5,raw/06BalaSinalizador05-5.mp4,6,Bala,5,5,h264,1920,1080,30.0,30.223880597014926,135,4.466667,True
06BalaSinalizador06-1,raw/06BalaSinalizador06-1.mp4,6,Bala,6,1,h264,1920,1080,30.0,30.20979020979021,144,4.766667,True
06BalaSinalizador06-2,raw/06BalaSinalizador06-2.mp4,6,Bala,6,2,h264,1920,1080,30.0,30.17241379310345,175,5.8,True
06BalaSinalizador06-3,raw/06BalaSinalizador06-3.mp4,6,Bala,6,3,h264,1920,1080,30.0,30.22222222222222,136,4.5,True
06BalaSinalizador06-4,raw/06BalaSinalizador06-4.mp4,6,Bala,6,4,h264,1920,1080,30.0,30.225563909774436,134,4.433333,True
06BalaSinalizador06-5,raw/06BalaSinalizador06-5.mp4,6,Bala,6,5,h264,1920,1080,30.0,30.208333333333332,145,4.8,True
06BalaSinalizador08-1,raw/06BalaSinalizador08-1.mp4,6,Bala,8,1,h264,1920,1080,29.97002997002997,30.22618407233792,118,3.9039,True
06BalaSinalizador08-2,raw/06BalaSinalizador08-2.mp4,6,Bala,8,2,h264,1920,1080,29.97002997002997,30.252766101822704,107,3.536867,True
06BalaSinalizador08-3,raw/06BalaSinalizador08-3.mp4,6,Bala,8,3,h264,1920,1080,29.97002997002997,30.303030303030305,91,3.003,True
06BalaSinalizador08-4,raw/06BalaSinalizador08-4.mp4,6,Bala,8,4,h264,1920,1080,29.97002997002997,30.206014457982963,128,4.237567,True
06BalaSinalizador08-5,raw/06BalaSinalizador08-5.mp4,6,Bala,8,5,h264,1920,1080,29.97002997002997,30.21568595339087,123,4.070733,True
06BalaSinalizador10-1,raw/06BalaSinalizador10-1.mp4,6,Bala,10,1,h264,1920,1080,30.0,30.3125,97,3.2,True
06BalaSinalizador10-2,raw/06BalaSinalizador10-2.mp4,6,Bala,10,2,h264,1920,1080,30.0,30.267857142857142,113,3.733333,True
06BalaSinalizador10-3,raw/06BalaSinalizador10-3.mp4,6,Bala,10,3,h264,1920,1080,30.0,30.29126213592233,104,3.433333,True
06BalaSinalizador10-4,raw/06BalaSinalizador10-4.mp4,6,Bala,10,4,h264,1920,1080,30.0,30.28301886792453,107,3.533333,True
06BalaSinalizador10-5,raw/06BalaSinalizador10-5.mp4,6,Bala,10,5,h264,1920,1080,30.0,30.309278350515463,98,3.233333,True
06BalaSinalizador11-1,raw/06BalaSinalizador11-1.mp4,6,Bala,11,1,h264,1920,1080,30.0,30.182926829268293,165,5.466667,True
06BalaSinalizador11-2,raw/06BalaSinalizador11-2.mp4,6,Bala,11,2,h264,1920,1080,30.0,30.192307692307693,157,5.2,True
06BalaSinalizador11-3,raw/06BalaSinalizador11-3.mp4,6,Bala,11,3,h264,1920,1080,30.0,30.201342281879196,150,4.966667,True
06BalaSinalizador11-4,raw/06BalaSinalizador11-4.mp4,6,Bala,11,4,h264,1920,1080,30.0,30.1840490797546,164,5.433333,True
06BalaSinalizador11-5,raw/06BalaSinalizador11-5.mp4,6,Bala,11,5,h264,1920,1080,30.0,30.180722891566266,167,5.533333,True
06BalaSinalizador12-1,raw/06BalaSinalizador12-1.mp4,6,Bala,12,1,h264,1920,1080,30.0,30.179640718562876,168,5.566667,True
06BalaSinalizador12-2,raw/06BalaSinalizador12-2.mp4,6,Bala,12,2,h264,1920,1080,30.0,30.16949152542373,178,5.9,True
06BalaSinalizador12-3,raw/06BalaSinalizador12-3.mp4,6,Bala,12,3,h264,1920,1080,30.0,30.142857142857142,211,7.0,True
06BalaSinalizador12-4,raw/06BalaSinalizador12-4.mp4,6,Bala,12,4,h264,1920,1080,30.0,30.164835164835164,183,6.066667,True
06BalaSinalizador12-5,raw/06BalaSinalizador12-5.mp4,6,Bala,12,5,h264,1920,1080,30.0,30.16304347826087,185,6.133333,True
07BancoSinalizador01-1,raw/07BancoSinalizador01-1.mp4,7,Banco,1,1,h264,1920,1080,30.0,30.214285714285715,141,4.666667,True
07BancoSinalizador01-2,raw/07BancoSinalizador01-2.mp4,7,Banco,1,2,h264,1920,1080,30.0,30.20408163265306,148,4.9,True
07BancoSinalizador01-3,raw/07BancoSinalizador01-3.mp4,7,Banco,1,3,h264,1920,1080,30.0,30.234375,129,4.266667,True
07BancoSinalizador01-4,raw/07BancoSinalizador01-4.mp4,7,Banco,1,4,h264,1920,1080,30.0,30.174418604651162,173,5.733333,True
07BancoSinalizador01-5,raw/07BancoSinalizador01-5.mp4,7,Banco,1,5,h264,1920,1080,30.0,30.214285714285715,141,4.666667,True
07BancoSinalizador02-1,raw/07BancoSinalizador02-1.mp4,7,Banco,2,1,h264,1920,1080,30.0,30.24793388429752,122,4.033333,True
07BancoSinalizador02-2,raw/07BancoSinalizador02-2.mp4,7,Banco,2,2,h264,1920,1080,30.0,30.16759776536313,180,5.966667,True
07BancoSinalizador02-3,raw/07BancoSinalizador02-3.mp4,7,Banco,2,3,h264,1920,1080,30.0,30.241935483870968,125,4.133333,True
07BancoSinalizador02-4,raw/07BancoSinalizador02-4.mp4,7,Banco,2,4,h264,1920,1080,30.0,30.22222222222222,136,4.5,True
07BancoSinalizador02-5,raw/07BancoSinalizador02-5.mp4,7,Banco,2,5,h264,1920,1080,30.0,30.192307692307693,157,5.2,True
07BancoSinalizador05-1,raw/07BancoSinalizador05-1.mp4,7,Banco,5,1,h264,1920,1080,30.0,30.22222222222222,136,4.5,True
07BancoSinalizador05-2,raw/07BancoSinalizador05-2.mp4,7,Banco,5,2,h264,1920,1080,30.0,30.21276595744681,142,4.7,True
07BancoSinalizador05-3,raw/07BancoSinalizador05-3.mp4,7,Banco,5,3,h264,1920,1080,30.0,30.27027027027027,112,3.7,True
07BancoSinalizador05-4,raw/07BancoSinalizador05-4.mp4,7,Banco,5,4,h264,1920,1080,30.0,30.229007633587788,132,4.366667,True
07BancoSinalizador05-5,raw/07BancoSinalizador05-5.mp4,7,Banco,5,5,h264,1920,1080,30.0,30.214285714285715,141,4.666667,True
07BancoSinalizador06-1,raw/07BancoSinalizador06-1.mp4,7,Banco,6,1,h264,1920,1080,30.0,30.22222222222222,136,4.5,True
07BancoSinalizador06-2,raw/07BancoSinalizador06-2.mp4,7,Banco,6,2,h264,1920,1080,30.0,30.20979020979021,144,4.766667,True
07BancoSinalizador06-3,raw/07BancoSinalizador06-3.mp4,7,Banco,6,3,h264,1920,1080,30.0,30.198675496688743,152,5.033333,True
07BancoSinalizador06-4,raw/07BancoSinalizador06-4.mp4,7,Banco,6,4,h264,1920,1080,30.0,30.17241379310345,175,5.8,True
07BancoSinalizador06-5,raw/07BancoSinalizador06-5.mp4,7,Banco,6,5,h264,1920,1080,30.0,30.20408163265306,148,4.9,True
07BancoSinalizador08-1,raw/07BancoSinalizador08-1.mp4,7,Banco,8,1,h264,1920,1080,29.97002997002997,30.266762940030265,102,3.370033,True
07BancoSinalizador08-2,raw/07BancoSinalizador08-2.mp4,7,Banco,8,2,h264,1920,1080,29.97002997002997,30.258203335126414,105,3.470133,True
07BancoSinalizador08-3,raw/07BancoSinalizador08-3.mp4,7,Banco,8,3,h264,1920,1080,29.97002997002997,30.285503969714497,96,3.169833,True
07BancoSinalizador08-4,raw/07BancoSinalizador08-4.mp4,7,Banco,8,4,h264,1920,1080,29.97002997002997,30.26100113478754,104,3.436767,True
07BancoSinalizador08-5,raw/07BancoSinalizador08-5.mp4,7,Banco,8,5,h264,1920,1080,29.97002997002997,30.295791165356384,93,3.069733,True
07BancoSinalizador10-1,raw/07BancoSinalizador10-1.mp4,7,Banco,10,1,h264,1920,1080,30.0,30.344827586206897,88,2.9,True
07BancoSinalizador10-2,raw/07BancoSinalizador10-2.mp4,7,Banco,10,2,h264,1920,1080,30.0,30.3,101,3.333333,True
07BancoSinalizador10-3,raw/07BancoSinalizador10-3.mp4,7,Banco,10,3,h264,1920,1080,30.0,30.319148936170212,95,3.133333,True
07BancoSinalizador10-4,raw/07BancoSinalizador10-4.mp4,7,Banco,10,4,h264,1920,1080,30.0,30.34090909090909,89,2.933333,True
07BancoSinalizador10-5,raw/07BancoSinalizador10-5.mp4,7,Banco,10,5,h264,1920,1080,30.0,30.28846153846154,105,3.466667,True
07BancoSinalizador11-1,raw/07BancoSinalizador11-1.mp4,7,Banco,11,1,h264,1920,1080,30.0,30.20979020979021,144,4.766667,True
07BancoSinalizador11-2,raw/07BancoSinalizador11-2.mp4,7,Banco,11,2,h264,1920,1080,30.0,30.18867924528302,160,5.3,True
07BancoSinalizador11-3,raw/07BancoSinalizador11-3.mp4,7,Banco,11,3,h264,1920,1080,30.0,30.191082802547772,158,5.233333,True
07BancoSinalizador11-4,raw/07BancoSinalizador11-4.mp4,7,Banco,11,4,h264,1920,1080,30.0,30.201342281879196,150,4.966667,True
07BancoSinalizador11-5,raw/07BancoSinalizador11-5.mp4,7,Banco,11,5,h264,1920,1080,30.0,30.193548387096776,156,5.166667,True
07BancoSinalizador12-1,raw/07BancoSinalizador12-1.mp4,7,Banco,12,1,h264,1920,1080,30.0,30.192307692307693,157,5.2,True
07BancoSinalizador12-2,raw/07BancoSinalizador12-2.mp4,7,Banco,12,2,h264,1920,1080,30.0,30.157894736842106,191,6.333333,True
07BancoSinalizador12-3,raw/07BancoSinalizador12-3.mp4,7,Banco,12,3,h264,1920,1080,30.0,30.198675496688743,152,5.033333,True
07BancoSinalizador12-4,raw/07BancoSinalizador12-4.mp4,7,Banco,12,4,h264,1920,1080,30.0,30.16759776536313,180,5.966667,True
07BancoSinalizador12-5,raw/07BancoSinalizador12-5.mp4,7,Banco,12,5,h264,1920,1080,30.0,30.21897810218978,138,4.566667,True
08BanheiroSinalizador01-1,raw/08BanheiroSinalizador01-1.mp4,8,Banheiro,1,1,h264,1920,1080,30.0,30.267857142857142,113,3.733333,True
08BanheiroSinalizador01-2,raw/08BanheiroSinalizador01-2.mp4,8,Banheiro,1,2,h264,1920,1080,30.0,30.201342281879196,150,4.966667,True
08BanheiroSinalizador01-3,raw/08BanheiroSinalizador01-3.mp4,8,Banheiro,1,3,h264,1920,1080,30.0,30.15,201,6.666667,True
08BanheiroSinalizador01-4,raw/08BanheiroSinalizador01-4.mp4,8,Banheiro,1,4,h264,1920,1080,30.0,30.20408163265306,148,4.9,True
08BanheiroSinalizador01-5,raw/08BanheiroSinalizador01-5.mp4,8,Banheiro,1,5,h264,1920,1080,30.0,30.20979020979021,144,4.766667,True
08BanheiroSinalizador02-1,raw/08BanheiroSinalizador02-1.mp4,8,Banheiro,2,1,h264,1920,1080,30.0,30.201342281879196,150,4.966667,True
08BanheiroSinalizador02-2,raw/08BanheiroSinalizador02-2.mp4,8,Banheiro,2,2,h264,1920,1080,30.0,30.151515151515152,199,6.6,True
08BanheiroSinalizador02-3,raw/08BanheiroSinalizador02-3.mp4,8,Banheiro,2,3,h264,1920,1080,30.0,30.234375,129,4.266667,True
08BanheiroSinalizador02-4,raw/08BanheiroSinalizador02-4.mp4,8,Banheiro,2,4,h264,1920,1080,30.0,30.201342281879196,150,4.966667,True
08BanheiroSinalizador02-5,raw/08BanheiroSinalizador02-5.mp4,8,Banheiro,2,5,h264,1920,1080,30.0,30.198675496688743,152,5.033333,True
08BanheiroSinalizador05-1,raw/08BanheiroSinalizador05-1.mp4,8,Banheiro,5,1,h264,1920,1080,30.0,30.229007633587788,132,4.366667,True
08BanheiroSinalizador05-2,raw/08BanheiroSinalizador05-2.mp4,8,Banheiro,5,2,h264,1920,1080,30.0,30.256410256410255,118,3.9,True
08BanheiroSinalizador05-3,raw/08BanheiroSinalizador05-3.mp4,8,Banheiro,5,3,h264,1920,1080,30.0,30.2,151,5.0,True
08BanheiroSinalizador05-4,raw/08BanheiroSinalizador05-4.mp4,8,Banheiro,5,4,h264,1920,1080,30.0,30.238095238095237,127,4.2,True
08BanheiroSinalizador05-5,raw/08BanheiroSinalizador05-5.mp4,8,Banheiro,5,5,h264,1920,1080,30.0,30.252100840336134,120,3.966667,True
08BanheiroSinalizador06-1,raw/08BanheiroSinalizador06-1.mp4,8,Banheiro,6,1,h264,1920,1080,30.0,30.208333333333332,145,4.8,True
08BanheiroSinalizador06-2,raw/08BanheiroSinalizador06-2.mp4,8,Banheiro,6,2,h264,1920,1080,30.0,30.174418604651162,173,5.733333,True
08BanheiroSinalizador06-3,raw/08BanheiroSinalizador06-3.mp4,8,Banheiro,6,3,h264,1920,1080,30.0,30.18633540372671,162,5.366667,True
08BanheiroSinalizador06-4,raw/08BanheiroSinalizador06-4.mp4,8,Banheiro,6,4,h264,1920,1080,30.0,30.16949152542373,178,5.9,True
08BanheiroSinalizador06-5,raw/08BanheiroSinalizador06-5.mp4,8,Banheiro,6,5,h264,1920,1080,30.0,30.189873417721518,159,5.266667,True
08BanheiroSinalizador08-1,raw/08BanheiroSinalizador08-1.mp4,8,Banheiro,8,1,h264,1920,1080,29.97002997002997,30.24003024003024,112,3.7037,True
08BanheiroSinalizador08-2,raw/08BanheiroSinalizador08-2.mp4,8,Banheiro,8,2,h264,1920,1080,29.97002997002997,30.252766101822704,107,3.536867,True
08BanheiroSinalizador08-3,raw/08BanheiroSinalizador08-3.mp4,8,Banheiro,8,3,h264,1920,1080,29.97002997002997,30.2554588268874,106,3.5035,True
08BanheiroSinalizador08-4,raw/08BanheiroSinalizador08-4.mp4,8,Banheiro,8,4,h264,1920,1080,29.97002997002997,30.258203335126414,105,3.470133,True
08BanheiroSinalizador08-5,raw/08BanheiroSinalizador08-5.mp4,8,Banheiro,8,5,h264,1920,1080,29.97002997002997,30.211723760110857,125,4.137467,True
08BanheiroSinalizador10-1,raw/08BanheiroSinalizador10-1.mp4,8,Banheiro,10,1,h264,1920,1080,30.0,30.348837209302324,87,2.866667,True
08BanheiroSinalizador10-2,raw/08BanheiroSinalizador10-2.mp4,8,Banheiro,10,2,h264,1920,1080,30.0,30.28301886792453,107,3.533333,True
08BanheiroSinalizador10-3,raw/08BanheiroSinalizador10-3.mp4,8,Banheiro,10,3,h264,1920,1080,30.0,30.29126213592233,104,3.433333,True
08BanheiroSinalizador10-4,raw/08BanheiroSinalizador10-4.mp4,8,Banheiro,10,4,h264,1920,1080,30.0,30.348837209302324,87,2.866667,True
08BanheiroSinalizador10-5,raw/08BanheiroSinalizador10-5.mp4,8,Banheiro,10,5,h264,1920,1080,30.0,30.32608695652174,93,3.066667,True
08BanheiroSinalizador11-1,raw/08BanheiroSinalizador11-1.mp4,8,Banheiro,11,1,h264,1920,1080,30.0,30.214285714285715,141,4.666667,True
08BanheiroSinalizador11-2,raw/08BanheiroSinalizador11-2.mp4,8,Banheiro,11,2,h264,1920,1080,30.0,30.211267605633804,143,4.733333,True
08BanheiroSinalizador11-3,raw/08BanheiroSinalizador11-3.mp4,8,Banheiro,11,3,h264,1920,1080,30.0,30.179640718562876,168,5.566667,True
08BanheiroSinalizador11-4,raw/08BanheiroSinalizador11-4.mp4,8,Banheiro,11,4,h264,1920,1080,30.0,30.22222222222222,136,4.5,True
08BanheiroSinalizador11-5,raw/08BanheiroSinalizador11-5.mp4,8,Banheiro,11,5,h264,1920,1080,30.0,30.214285714285715,141,4.666667,True
08BanheiroSinalizador12-1,raw/08BanheiroSinalizador12-1.mp4,8,Banheiro,12,1,h264,1920,1080,30.0,30.14354066985646,210,6.966667,True
08BanheiroSinalizador12-2,raw/08BanheiroSinalizador12-2.mp4,8,Banheiro,12,2,h264,1920,1080,30.0,30.16216216216216,186,6.166667,True
08BanheiroSinalizador12-3,raw/08BanheiroSinalizador12-3.mp4,8,Banheiro,12,3,h264,1920,1080,30.0,30.174418604651162,173,5.733333,True
08BanheiroSinalizador12-4,raw/08BanheiroSinalizador12-4.mp4,8,Banheiro,12,4,h264,1920,1080,30.0,30.181818181818183,166,5.5,True
08BanheiroSinalizador12-5,raw/08BanheiroSinalizador12-5.mp4,8,Banheiro,12,5,h264,1920,1080,30.0,30.192307692307693,157,5.2,True
09BarulhoSinalizador01-1,raw/09BarulhoSinalizador01-1.mp4,9,Barulho,1,1,h264,1920,1080,30.0,30.232558139534884,130,4.3,True
09BarulhoSinalizador01-2,raw/09BarulhoSinalizador01-2.mp4,9,Barulho,1,2,h264,1920,1080,30.0,30.153846153846153,196,6.5,True
09BarulhoSinalizador01-3,raw/09BarulhoSinalizador01-3.mp4,9,Barulho,1,3,h264,1920,1080,30.0,30.179640718562876,168,5.566667,True
09BarulhoSinalizador01-4,raw/09BarulhoSinalizador01-4.mp4,9,Barulho,1,4,h264,1920,1080,30.0,30.18867924528302,160,5.3,True
09BarulhoSinalizador01-5,raw/09BarulhoSinalizador01-5.mp4,9,Barulho,1,5,h264,1920,1080,30.0,30.181818181818183,166,5.5,True
09BarulhoSinalizador02-1,raw/09BarulhoSinalizador02-1.mp4,9,Barulho,2,1,h264,1920,1080,30.0,30.241935483870968,125,4.133333,True
09BarulhoSinalizador02-2,raw/09BarulhoSinalizador02-2.mp4,9,Barulho,2,2,h264,1920,1080,30.0,30.24793388429752,122,4.033333,True
09BarulhoSinalizador02-3,raw/09BarulhoSinalizador02-3.mp4,9,Barulho,2,3,h264,1920,1080,30.0,30.229007633587788,132,4.366667,True
09BarulhoSinalizador02-4,raw/09BarulhoSinalizador02-4.mp4,9,Barulho,2,4,h264,1920,1080,30.0,30.236220472440944,128,4.233333,True
09BarulhoSinalizador02-5,raw/09BarulhoSinalizador02-5.mp4,9,Barulho,2,5,h264,1920,1080,30.0,30.236220472440944,128,4.233333,True
09BarulhoSinalizador05-1,raw/09BarulhoSinalizador05-1.mp4,9,Barulho,5,1,h264,1920,1080,30.0,30.24,126,4.166667,True
09BarulhoSinalizador05-2,raw/09BarulhoSinalizador05-2.mp4,9,Barulho,5,2,h264,1920,1080,30.0,30.217391304347824,139,4.6,True
09BarulhoSinalizador05-3,raw/09BarulhoSinalizador05-3.mp4,9,Barulho,5,3,h264,1920,1080,30.0,30.19607843137255,154,5.1,True
09BarulhoSinalizador05-4,raw/09BarulhoSinalizador05-4.mp4,9,Barulho,5,4,h264,1920,1080,30.0,30.1840490797546,164,5.433333,True
09BarulhoSinalizador05-5,raw/09BarulhoSinalizador05-5.mp4,9,Barulho,5,5,h264,1920,1080,30.0,30.225563909774436,134,4.433333,True
09BarulhoSinalizador06-1,raw/09BarulhoSinalizador06-1.mp4,9,Barulho,6,1,h264,1920,1080,30.0,30.217391304347824,139,4.6,True
09BarulhoSinalizador06-2,raw/09BarulhoSinalizador06-2.mp4,9,Barulho,6,2,h264,1920,1080,30.0,30.208333333333332,145,4.8,True
09BarulhoSinalizador06-3,raw/09BarulhoSinalizador06-3.mp4,9,Barulho,6,3,h264,1920,1080,30.0,30.225563909774436,134,4.433333,True
09BarulhoSinalizador06-4,raw/09BarulhoSinalizador06-4.mp4,9,Barulho,6,4,h264,1920,1080,30.0,30.193548387096776,156,5.166667,True
09BarulhoSinalizador06-5,raw/09BarulhoSinalizador06-5.mp4,9,Barulho,6,5,h264,1920,1080,30.0,30.238095238095237,127,4.2,True
09BarulhoSinalizador08-1,raw/09BarulhoSinalizador08-1.mp4,9,Barulho,8,1,h264,1920,1080,29.97002997002997,30.21978021978022,121,4.004,True
09BarulhoSinalizador08-2,raw/09BarulhoSinalizador08-2.mp4,9,Barulho,8,2,h264,1920,1080,29.97002997002997,30.171171110768427,150,4.971633,True
09BarulhoSinalizador08-3,raw/09BarulhoSinalizador08-3.mp4,9,Barulho,8,3,h264,1920,1080,29.97002997002997,30.19368691010482,135,4.471133,True
09BarulhoSinalizador08-4,raw/09BarulhoSinalizador08-4.mp4,9,Barulho,8,4,h264,1920,1080,29.97002997002997,30.148423005565864,169,5.6056,True
09BarulhoSinalizador08-5,raw/09BarulhoSinalizador08-5.mp4,9,Barulho,8,5,h264,1920,1080,29.97002997002997,30.160921880667104,158,5.238567,True
09BarulhoSinalizador10-1,raw/09BarulhoSinalizador10-1.mp4,9,Barulho,10,1,h264,1920,1080,30.0,30.214285714285715,141,4.666667,True
09BarulhoSinalizador10-2,raw/09BarulhoSinalizador10-2.mp4,9,Barulho,10,2,h264,1920,1080,30.0,30.25,121,4.0,True
09BarulhoSinalizador10-3,raw/09BarulhoSinalizador10-3.mp4,9,Barulho,10,3,h264,1920,1080,30.0,30.220588235294116,137,4.533333,True
09BarulhoSinalizador10-4,raw/09BarulhoSinalizador10-4.mp4,9,Barulho,10,4,h264,1920,1080,30.0,30.208333333333332,145,4.8,True
09BarulhoSinalizador10-5,raw/09BarulhoSinalizador10-5.mp4,9,Barulho,10,5,h264,1920,1080,30.0,30.22222222222222,136,4.5,True
09BarulhoSinalizador11-1,raw/09BarulhoSinalizador11-1.mp4,9,Barulho,11,1,h264,1920,1080,30.0,30.198675496688743,152,5.033333,True
09BarulhoSinalizador11-2,raw/09BarulhoSinalizador11-2.mp4,9,Barulho,11,2,h264,1920,1080,30.0,30.165745856353592,182,6.033333,True
09BarulhoSinalizador11-3,raw/09BarulhoSinalizador11-3.mp4,9,Barulho,11,3,h264,1920,1080,30.0,30.181818181818183,166,5.5,True
09BarulhoSinalizador11-4,raw/09BarulhoSinalizador11-4.mp4,9,Barulho,11,4,h264,1920,1080,30.0,30.18867924528302,160,5.3,True
09BarulhoSinalizador11-5,raw/09BarulhoSinalizador11-5.mp4,9,Barulho,11,5,h264,1920,1080,30.0,30.1840490797546,164,5.433333,True
09BarulhoSinalizador12-1,raw/09BarulhoSinalizador12-1.mp4,9,Barulho,12,1,h264,1920,1080,30.0,30.19736842105263,153,5.066667,True
09BarulhoSinalizador12-2,raw/09BarulhoSinalizador12-2.mp4,9,Barulho,12,2,h264,1920,1080,30.0,30.19607843137255,154,5.1,True
09BarulhoSinalizador12-3,raw/09BarulhoSinalizador12-3.mp4,9,Barulho,12,3,h264,1920,1080,30.0,30.17241379310345,175,5.8,True
09BarulhoSinalizador12-4,raw/09BarulhoSinalizador12-4.mp4,9,Barulho,12,4,h264,1920,1080,30.0,30.214285714285715,141,4.666667,True
09BarulhoSinalizador12-5,raw/09BarulhoSinalizador12-5.mp4,9,Barulho,12,5,h264,1920,1080,30.0,30.17142857142857,176,5.833333,True
10CincoSinalizador01-1,raw/10CincoSinalizador01-1.mp4,10,Cinco,1,1,h264,1920,1080,30.0,30.26086956521739,116,3.833333,True
10CincoSinalizador01-2,raw/10CincoSinalizador01-2.mp4,10,Cinco,1,2,h264,1920,1080,30.0,30.201342281879196,150,4.966667,True
10CincoSinalizador01-3,raw/10CincoSinalizador01-3.mp4,10,Cinco,1,3,h264,1920,1080,30.0,30.192307692307693,157,5.2,True
10CincoSinalizador01-4,raw/10CincoSinalizador01-4.mp4,10,Cinco,1,4,h264,1920,1080,30.0,30.232558139534884,130,4.3,True
10CincoSinalizador01-5,raw/10CincoSinalizador01-5.mp4,10,Cinco,1,5,h264,1920,1080,30.0,30.198675496688743,152,5.033333,True
10CincoSinalizador02-1,raw/10CincoSinalizador02-1.mp4,10,Cinco,2,1,h264,1920,1080,30.0,30.24590163934426,123,4.066667,True
10CincoSinalizador02-2,raw/10CincoSinalizador02-2.mp4,10,Cinco,2,2,h264,1920,1080,30.0,30.194805194805195,155,5.133333,True
10CincoSinalizador02-3,raw/10CincoSinalizador02-3.mp4,10,Cinco,2,3,h264,1920,1080,30.0,30.21276595744681,142,4.7,True
10CincoSinalizador02-4,raw/10CincoSinalizador02-4.mp4,10,Cinco,2,4,h264,1920,1080,30.0,30.214285714285715,141,4.666667,True
10CincoSinalizador02-5,raw/10CincoSinalizador02-5.mp4,10,Cinco,2,5,h264,1920,1080,30.0,30.201342281879196,150,4.966667,True
10CincoSinalizador05-1,raw/10CincoSinalizador05-1.mp4,10,Cinco,5,1,h264,1920,1080,30.0,30.217391304347824,139,4.6,True
10CincoSinalizador05-2,raw/10CincoSinalizador05-2.mp4,10,Cinco,5,2,h264,1920,1080,30.0,30.256410256410255,118,3.9,True
10CincoSinalizador05-3,raw/10CincoSinalizador05-3.mp4,10,Cinco,5,3,h264,1920,1080,30.0,30.24590163934426,123,4.066667,True
10CincoSinalizador05-4,raw/10CincoSinalizador05-4.mp4,10,Cinco,5,4,h264,1920,1080,30.0,30.3,101,3.333333,True
10CincoSinalizador05-5,raw/10CincoSinalizador05-5.mp4,10,Cinco,5,5,h264,1920,1080,30.0,30.236220472440944,128,4.233333,True
10CincoSinalizador06-1,raw/10CincoSinalizador06-1.mp4,10,Cinco,6,1,h264,1920,1080,30.0,30.263157894736842,115,3.8,True
10CincoSinalizador06-2,raw/10CincoSinalizador06-2.mp4,10,Cinco,6,2,h264,1920,1080,30.0,30.256410256410255,118,3.9,True
10CincoSinalizador06-3,raw/10CincoSinalizador06-3.mp4,10,Cinco,6,3,h264,1920,1080,30.0,30.25423728813559,119,3.933333,True
10CincoSinalizador06-4,raw/10CincoSinalizador06-4.mp4,10,Cinco,6,4,h264,1920,1080,30.0,30.285714285714285,106,3.5,True
10CincoSinalizador06-5,raw/10CincoSinalizador06-5.mp4,10,Cinco,6,5,h264,1920,1080,30.0,30.297029702970296,102,3.366667,True
10CincoSinalizador08-1,raw/10CincoSinalizador08-1.mp4,10,Cinco,8,1,h264,1920,1080,29.97002997002997,30.295791165356384,93,3.069733,True
10CincoSinalizador08-2,raw/10CincoSinalizador08-2.mp4,10,Cinco,8,2,h264,1920,1080,29.97002997002997,30.21568595339087,123,4.070733,True
10CincoSinalizador08-3,raw/10CincoSinalizador08-3.mp4,10,Cinco,8,3,h264,1920,1080,29.97002997002997,30.200568662107123,131,4.337667,True
10CincoSinalizador08-4,raw/10CincoSinalizador08-4.mp4,10,Cinco,8,4,h264,1920,1080,29.97002997002997,30.252766101822704,107,3.536867,True
10CincoSinalizador08-5,raw/10CincoSinalizador08-5.mp4,10,Cinco,8,5,h264,1920,1080,29.97002997002997,30.19203019203019,136,4.5045,True
10CincoSinalizador10-1,raw/10CincoSinalizador10-1.mp4,10,Cinco,10,1,h264,1920,1080,30.0,30.267857142857142,113,3.733333,True
10CincoSinalizador10-2,raw/10CincoSinalizador10-2.mp4,10,Cinco,10,2,h264,1920,1080,30.0,30.22222222222222,136,4.5,True
10CincoSinalizador10-3,raw/10CincoSinalizador10-3.mp4,10,Cinco,10,3,h264,1920,1080,30.0,30.24590163934426,123,4.066667,True
10CincoSinalizador10-4,raw/10CincoSinalizador10-4.mp4,10,Cinco,10,4,h264,1920,1080,30.0,30.25862068965517,117,3.866667,True
10CincoSinalizador10-5,raw/10CincoSinalizador10-5.mp4,10,Cinco,10,5,h264,1920,1080,30.0,30.214285714285715,141,4.666667,True
10CincoSinalizador11-1,raw/10CincoSinalizador11-1.mp4,10,Cinco,11,1,h264,1920,1080,30.0,30.22222222222222,136,4.5,True
10CincoSinalizador11-2,raw/10CincoSinalizador11-2.mp4,10,Cinco,11,2,h264,1920,1080,30.0,30.20408163265306,148,4.9,True
10CincoSinalizador11-3,raw/10CincoSinalizador11-3.mp4,10,Cinco,11,3,h264,1920,1080,30.0,30.192307692307693,157,5.2,True
10CincoSinalizador11-4,raw/10CincoSinalizador11-4.mp4,10,Cinco,11,4,h264,1920,1080,30.0,30.20408163265306,148,4.9,True
10CincoSinalizador11-5,raw/10CincoSinalizador11-5.mp4,10,Cinco,11,5,h264,1920,1080,30.0,30.201342281879196,150,4.966667,True
10CincoSinalizador12-1,raw/10CincoSinalizador12-1.mp4,10,Cinco,12,1,h264,1920,1080,30.0,30.185185185185187,163,5.4,True
10CincoSinalizador12-2,raw/10CincoSinalizador12-2.mp4,10,Cinco,12,2,h264,1920,1080,30.0,30.220588235294116,137,4.533333,True
10CincoSinalizador12-3,raw/10CincoSinalizador12-3.mp4,10,Cinco,12,3,h264,1920,1080,30.0,30.211267605633804,143,4.733333,True
10CincoSinalizador12-4,raw/10CincoSinalizador12-4.mp4,10,Cinco,12,4,h264,1920,1080,30.0,30.24793388429752,122,4.033333,True
10CincoSinalizador12-5,raw/10CincoSinalizador12-5.mp4,10,Cinco,12,5,h264,1920,1080,30.0,30.22222222222222,136,4.5,True
11ConhecerSinalizador01-1,raw/11ConhecerSinalizador01-1.mp4,11,Conhecer,1,1,h264,1920,1080,30.0,30.265486725663717,114,3.766667,True
11ConhecerSinalizador01-2,raw/11ConhecerSinalizador01-2.mp4,11,Conhecer,1,2,h264,1920,1080,30.0,30.241935483870968,125,4.133333,True
11ConhecerSinalizador01-3,raw/11ConhecerSinalizador01-3.mp4,11,Conhecer,1,3,h264,1920,1080,30.0,30.241935483870968,125,4.133333,True
11ConhecerSinalizador01-4,raw/11ConhecerSinalizador01-4.mp4,11,Conhecer,1,4,h264,1920,1080,30.0,30.256410256410255,118,3.9,True
11ConhecerSinalizador01-5,raw/11ConhecerSinalizador01-5.mp4,11,Conhecer,1,5,h264,1920,1080,30.0,30.24,126,4.166667,True
11ConhecerSinalizador02-1,raw/11ConhecerSinalizador02-1.mp4,11,Conhecer,2,1,h264,1920,1080,30.0,30.236220472440944,128,4.233333,True
11ConhecerSinalizador02-2,raw/11ConhecerSinalizador02-2.mp4,11,Conhecer,2,2,h264,1920,1080,30.0,30.176470588235293,171,5.666667,True
11ConhecerSinalizador02-3,raw/11ConhecerSinalizador02-3.mp4,11,Conhecer,2,3,h264,1920,1080,30.0,30.193548387096776,156,5.166667,True
11ConhecerSinalizador02-4,raw/11ConhecerSinalizador02-4.mp4,11,Conhecer,2,4,h264,1920,1080,30.0,30.229007633587788,132,4.366667,True
11ConhecerSinalizador02-5,raw/11ConhecerSinalizador02-5.mp4,11,Conhecer,2,5,h264,1920,1080,30.0,30.238095238095237,127,4.2,True
11ConhecerSinalizador05-1,raw/11ConhecerSinalizador05-1.mp4,11,Conhecer,5,1,h264,1920,1080,30.0,30.27777777777778,109,3.6,True
11ConhecerSinalizador05-2,raw/11ConhecerSinalizador05-2.mp4,11,Conhecer,5,2,h264,1920,1080,30.0,30.2027027027027,149,4.933333,True
11ConhecerSinalizador05-3,raw/11ConhecerSinalizador05-3.mp4,11,Conhecer,5,3,h264,1920,1080,30.0,30.285714285714285,106,3.5,True
11ConhecerSinalizador05-4,raw/11ConhecerSinalizador05-4.mp4,11,Conhecer,5,4,h264,1920,1080,30.0,30.208333333333332,145,4.8,True
11ConhecerSinalizador05-5,raw/11ConhecerSinalizador05-5.mp4,11,Conhecer,5,5,h264,1920,1080,30.0,30.26086956521739,116,3.833333,True
11ConhecerSinalizador06-1,raw/11ConhecerSinalizador06-1.mp4,11,Conhecer,6,1,h264,1920,1080,30.0,30.215827338129497,140,4.633333,True
11ConhecerSinalizador06-2,raw/11ConhecerSinalizador06-2.mp4,11,Conhecer,6,2,h264,1920,1080,30.0,30.18867924528302,160,5.3,True
11ConhecerSinalizador06-3,raw/11ConhecerSinalizador06-3.mp4,11,Conhecer,6,3,h264,1920,1080,30.0,30.215827338129497,140,4.633333,True
11ConhecerSinalizador06-4,raw/11ConhecerSinalizador06-4.mp4,11,Conhecer,6,4,h264,1920,1080,30.0,30.194805194805195,155,5.133333,True
11ConhecerSinalizador06-5,raw/11ConhecerSinalizador06-5.mp4,11,Conhecer,6,5,h264,1920,1080,30.0,30.1840490797546,164,5.433333,True
11ConhecerSinalizador08-1,raw/11ConhecerSinalizador08-1.mp4,11,Conhecer,8,1,h264,1920,1080,29.97002997002997,30.24003024003024,112,3.7037,True
11ConhecerSinalizador08-2,raw/11ConhecerSinalizador08-2.mp4,11,Conhecer,8,2,h264,1920,1080,29.97002997002997,30.204170829170828,129,4.270933,True
11ConhecerSinalizador08-3,raw/11ConhecerSinalizador08-3.mp4,11,Conhecer,8,3,h264,1920,1080,29.97002997002997,30.22187896137476,120,3.970633,True
11ConhecerSinalizador08-4,raw/11ConhecerSinalizador08-4.mp4,11,Conhecer,8,4,h264,1920,1080,29.97002997002997,30.247530247530246,109,3.6036,True
11ConhecerSinalizador08-5,raw/11ConhecerSinalizador08-5.mp4,11,Conhecer,8,5,h264,1920,1080,29.97002997002997,30.250123708067633,108,3.570233,True
11ConhecerSinalizador10-1,raw/11ConhecerSinalizador10-1.mp4,11,Conhecer,10,1,h264,1920,1080,30.0,30.319148936170212,95,3.133333,True
11ConhecerSinalizador10-2,raw/11ConhecerSinalizador10-2.mp4,11,Conhecer,10,2,h264,1920,1080,30.0,30.333333333333332,91,3.0,True
11ConhecerSinalizador10-3,raw/11ConhecerSinalizador10-3.mp4,11,Conhecer,10,3,h264,1920,1080,30.0,30.303030303030305,100,3.3,True
11ConhecerSinalizador10-4,raw/11ConhecerSinalizador10-4.mp4,11,Conhecer,10,4,h264,1920,1080,30.0,30.26086956521739,116,3.833333,True
11ConhecerSinalizador10-5,raw/11ConhecerSinalizador10-5.mp4,11,Conhecer,10,5,h264,1920,1080,30.0,30.322580645161292,94,3.1,True
11ConhecerSinalizador11-1,raw/11ConhecerSinalizador11-1.mp4,11,Conhecer,11,1,h264,1920,1080,30.0,30.192307692307693,157,5.2,True
11ConhecerSinalizador11-2,raw/11ConhecerSinalizador11-2.mp4,11,Conhecer,11,2,h264,1920,1080,30.0,30.232558139534884,130,4.3,True
11ConhecerSinalizador11-3,raw/11ConhecerSinalizador11-3.mp4,11,Conhecer,11,3,h264,1920,1080,30.0,30.179640718562876,168,5.566667,True
11ConhecerSinalizador11-4,raw/11ConhecerSinalizador11-4.mp4,11,Conhecer,11,4,h264,1920,1080,30.0,30.19607843137255,154,5.1,True
11ConhecerSinalizador11-5,raw/11ConhecerSinalizador11-5.mp4,11,Conhecer,11,5,h264,1920,1080,30.0,30.208333333333332,145,4.8,True
11ConhecerSinalizador12-1,raw/11ConhecerSinalizador12-1.mp4,11,Conhecer,12,1,h264,1920,1080,30.0,30.181818181818183,166,5.5,True
11ConhecerSinalizador12-2,raw/11ConhecerSinalizador12-2.mp4,11,Conhecer,12,2,h264,1920,1080,30.0,30.168539325842698,179,5.933333,True
11ConhecerSinalizador12-3,raw/11ConhecerSinalizador12-3.mp4,11,Conhecer,12,3,h264,1920,1080,30.0,30.185185185185187,163,5.4,True
11ConhecerSinalizador12-4,raw/11ConhecerSinalizador12-4.mp4,11,Conhecer,12,4,h264,1920,1080,30.0,30.166666666666668,181,6.0,True
11ConhecerSinalizador12-5,raw/11ConhecerSinalizador12-5.mp4,11,Conhecer,12,5,h264,1920,1080,30.0,30.178571428571427,169,5.6,True
12EspelhoSinalizador01-1,raw/12EspelhoSinalizador01-1.mp4,12,Espelho,1,1,h264,1920,1080,30.0,30.150753768844222,200,6.633333,True
12EspelhoSinalizador01-2,raw/12EspelhoSinalizador01-2.mp4,12,Espelho,1,2,h264,1920,1080,30.0,30.208333333333332,145,4.8,True
12EspelhoSinalizador01-3,raw/12EspelhoSinalizador01-3.mp4,12,Espelho,1,3,h264,1920,1080,30.0,30.208333333333332,145,4.8,True
12EspelhoSinalizador01-4,raw/12EspelhoSinalizador01-4.mp4,12,Espelho,1,4,h264,1920,1080,30.0,30.26086956521739,116,3.833333,True
12EspelhoSinalizador01-5,raw/12EspelhoSinalizador01-5.mp4,12,Espelho,1,5,h264,1920,1080,30.0,30.215827338129497,140,4.633333,True
12EspelhoSinalizador02-1,raw/12EspelhoSinalizador02-1.mp4,12,Espelho,2,1,h264,1920,1080,30.0,30.20408163265306,148,4.9,True
12EspelhoSinalizador02-2,raw/12EspelhoSinalizador02-2.mp4,12,Espelho,2,2,h264,1920,1080,30.0,30.217391304347824,139,4.6,True
12EspelhoSinalizador02-3,raw/12EspelhoSinalizador02-3.mp4,12,Espelho,2,3,h264,1920,1080,30.0,30.178571428571427,169,5.6,True
12EspelhoSinalizador02-4,raw/12EspelhoSinalizador02-4.mp4,12,Espelho,2,4,h264,1920,1080,30.0,30.179640718562876,168,5.566667,True
12EspelhoSinalizador02-5,raw/12EspelhoSinalizador02-5.mp4,12,Espelho,2,5,h264,1920,1080,30.0,30.16949152542373,178,5.9,True
12EspelhoSinalizador05-1,raw/12EspelhoSinalizador05-1.mp4,12,Espelho,5,1,h264,1920,1080,30.0,30.25,121,4.0,True
12EspelhoSinalizador05-2,raw/12EspelhoSinalizador05-2.mp4,12,Espelho,5,2,h264,1920,1080,30.0,30.24,126,4.166667,True
12EspelhoSinalizador05-3,raw/12EspelhoSinalizador05-3.mp4,12,Espelho,5,3,h264,1920,1080,30.0,30.185185185185187,163,5.4,True
12EspelhoSinalizador05-4,raw/12EspelhoSinalizador05-4.mp4,12,Espelho,5,4,h264,1920,1080,30.0,30.25423728813559,119,3.933333,True
12EspelhoSinalizador05-5,raw/12EspelhoSinalizador05-5.mp4,12,Espelho,5,5,h264,1920,1080,30.0,30.252100840336134,120,3.966667,True
12EspelhoSinalizador06-1,raw/12EspelhoSinalizador06-1.mp4,12,Espelho,6,1,h264,1920,1080,30.0,30.232558139534884,130,4.3,True
12EspelhoSinalizador06-2,raw/12EspelhoSinalizador06-2.mp4,12,Espelho,6,2,h264,1920,1080,30.0,30.214285714285715,141,4.666667,True
12EspelhoSinalizador06-3,raw/12EspelhoSinalizador06-3.mp4,12,Espelho,6,3,h264,1920,1080,30.0,30.205479452054796,147,4.866667,True
12EspelhoSinalizador06-4,raw/12EspelhoSinalizador06-4.mp4,12,Espelho,6,4,h264,1920,1080,30.0,30.20408163265306,148,4.9,True
12EspelhoSinalizador06-5,raw/12EspelhoSinalizador06-5.mp4,12,Espelho,6,5,h264,1920,1080,30.0,30.198675496688743,152,5.033333,True
12EspelhoSinalizador08-1,raw/12EspelhoSinalizador08-1.mp4,12,Espelho,8,1,h264,1920,1080,29.97002997002997,30.202355783751134,130,4.3043,True
12EspelhoSinalizador08-2,raw/12EspelhoSinalizador08-2.mp4,12,Espelho,8,2,h264,1920,1080,29.97002997002997,30.258203335126414,105,3.470133,True
12EspelhoSinalizador08-3,raw/12EspelhoSinalizador08-3.mp4,12,Espelho,8,3,h264,1920,1080,29.97002997002997,30.22618407233792,118,3.9039,True
12EspelhoSinalizador08-4,raw/12EspelhoSinalizador08-4.mp4,12,Espelho,8,4,h264,1920,1080,29.97002997002997,30.27275754548482,100,3.3033,True
12EspelhoSinalizador08-5,raw/12EspelhoSinalizador08-5.mp4,12,Espelho,8,5,h264,1920,1080,29.97002997002997,30.258203335126414,105,3.470133,True
12EspelhoSinalizador10-1,raw/12EspelhoSinalizador10-1.mp4,12,Espelho,10,1,h264,1920,1080,30.0,30.32608695652174,93,3.066667,True
12EspelhoSinalizador10-2,raw/12EspelhoSinalizador10-2.mp4,12,Espelho,10,2,h264,1920,1080,30.0,30.265486725663717,114,3.766667,True
12EspelhoSinalizador10-3,raw/12EspelhoSinalizador10-3.mp4,12,Espelho,10,3,h264,1920,1080,30.0,30.220588235294116,137,4.533333,True
12EspelhoSinalizador10-4,raw/12EspelhoSinalizador10-4.mp4,12,Espelho,10,4,h264,1920,1080,30.0,30.232558139534884,130,4.3,True
12EspelhoSinalizador10-5,raw/12EspelhoSinalizador10-5.mp4,12,Espelho,10,5,h264,1920,1080,30.0,30.208333333333332,145,4.8,True
12EspelhoSinalizador11-1,raw/12EspelhoSinalizador11-1.mp4,12,Espelho,11,1,h264,1920,1080,30.0,30.23076923076923,131,4.333333,True
12EspelhoSinalizador11-2,raw/12EspelhoSinalizador11-2.mp4,12,Espelho,11,2,h264,1920,1080,30.0,30.238095238095237,127,4.2,True
12EspelhoSinalizador11-3,raw/12EspelhoSinalizador11-3.mp4,12,Espelho,11,3,h264,1920,1080,30.0,30.180722891566266,167,5.533333,True
12EspelhoSinalizador11-4,raw/12EspelhoSinalizador11-4.mp4,12,Espelho,11,4,h264,1920,1080,30.0,30.179640718562876,168,5.566667,True
12EspelhoSinalizador11-5,raw/12EspelhoSinalizador11-5.mp4,12,Espelho,11,5,h264,1920,1080,30.0,30.214285714285715,141,4.666667,True
12EspelhoSinalizador12-1,raw/12EspelhoSinalizador12-1.mp4,12,Espelho,12,1,h264,1920,1080,30.0,30.2,151,5.0,True
12EspelhoSinalizador12-2,raw/12EspelhoSinalizador12-2.mp4,12,Espelho,12,2,h264,1920,1080,30.0,30.15,201,6.666667,True
12EspelhoSinalizador12-3,raw/12EspelhoSinalizador12-3.mp4,12,Espelho,12,3,h264,1920,1080,30.0,30.155440414507773,194,6.433333,True
12EspelhoSinalizador12-4,raw/12EspelhoSinalizador12-4.mp4,12,Espelho,12,4,h264,1920,1080,30.0,30.15625,193,6.4,True
12EspelhoSinalizador12-5,raw/12EspelhoSinalizador12-5.mp4,12,Espelho,12,5,h264,1920,1080,30.0,30.15228426395939,198,6.566667,True
13EsquinaSinalizador01-1,raw/13EsquinaSinalizador01-1.mp4,13,Esquina,1,1,h264,1920,1080,30.0,30.225563909774436,134,4.433333,True
13EsquinaSinalizador01-2,raw/13EsquinaSinalizador01-2.mp4,13,Esquina,1,2,h264,1920,1080,30.0,30.267857142857142,113,3.733333,True
13EsquinaSinalizador01-3,raw/13EsquinaSinalizador01-3.mp4,13,Esquina,1,3,h264,1920,1080,30.0,30.27027027027027,112,3.7,True
13EsquinaSinalizador01-4,raw/13EsquinaSinalizador01-4.mp4,13,Esquina,1,4,h264,1920,1080,30.0,30.252100840336134,120,3.966667,True
13EsquinaSinalizador01-5,raw/13EsquinaSinalizador01-5.mp4,13,Esquina,1,5,h264,1920,1080,30.0,30.263157894736842,115,3.8,True
13EsquinaSinalizador02-1,raw/13EsquinaSinalizador02-1.mp4,13,Esquina,2,1,h264,1920,1080,30.0,30.182926829268293,165,5.466667,True
13EsquinaSinalizador02-2,raw/13EsquinaSinalizador02-2.mp4,13,Esquina,2,2,h264,1920,1080,30.0,30.205479452054796,147,4.866667,True
13EsquinaSinalizador02-3,raw/13EsquinaSinalizador02-3.mp4,13,Esquina,2,3,h264,1920,1080,30.0,30.151515151515152,199,6.6,True
13EsquinaSinalizador02-4,raw/13EsquinaSinalizador02-4.mp4,13,Esquina,2,4,h264,1920,1080,30.0,30.19607843137255,154,5.1,True
13EsquinaSinalizador02-5,raw/13EsquinaSinalizador02-5.mp4,13,Esquina,2,5,h264,1920,1080,30.0,30.201342281879196,150,4.966667,True
13EsquinaSinalizador05-1,raw/13EsquinaSinalizador05-1.mp4,13,Esquina,5,1,h264,1920,1080,30.0,30.20689655172414,146,4.833333,True
13EsquinaSinalizador05-2,raw/13EsquinaSinalizador05-2.mp4,13,Esquina,5,2,h264,1920,1080,30.0,30.208333333333332,145,4.8,True
13EsquinaSinalizador05-3,raw/13EsquinaSinalizador05-3.mp4,13,Esquina,5,3,h264,1920,1080,30.0,30.211267605633804,143,4.733333,True
13EsquinaSinalizador05-4,raw/13EsquinaSinalizador05-4.mp4,13,Esquina,5,4,h264,1920,1080,30.0,30.2027027027027,149,4.933333,True
13EsquinaSinalizador05-5,raw/13EsquinaSinalizador05-5.mp4,13,Esquina,5,5,h264,1920,1080,30.0,30.191082802547772,158,5.233333,True
13EsquinaSinalizador06-1,raw/13EsquinaSinalizador06-1.mp4,13,Esquina,6,1,h264,1920,1080,30.0,30.181818181818183,166,5.5,True
13EsquinaSinalizador06-2,raw/13EsquinaSinalizador06-2.mp4,13,Esquina,6,2,h264,1920,1080,30.0,30.17751479289941,170,5.633333,True
13EsquinaSinalizador06-3,raw/13EsquinaSinalizador06-3.mp4,13,Esquina,6,3,h264,1920,1080,30.0,30.17751479289941,170,5.633333,True
13EsquinaSinalizador06-4,raw/13EsquinaSinalizador06-4.mp4,13,Esquina,6,4,h264,1920,1080,30.0,30.14851485148515,203,6.733333,True
13EsquinaSinalizador06-5,raw/13EsquinaSinalizador06-5.mp4,13,Esquina,6,5,h264,1920,1080,30.0,30.194805194805195,155,5.133333,True
13EsquinaSinalizador08-1,raw/13EsquinaSinalizador08-1.mp4,13,Esquina,8,1,h264,1920,1080,29.97002997002997,30.165912518853695,154,5.1051,True
13EsquinaSinalizador08-2,raw/13EsquinaSinalizador08-2.mp4,13,Esquina,8,2,h264,1920,1080,29.97002997002997,30.24498437342474,110,3.636967,True
13EsquinaSinalizador08-3,raw/13EsquinaSinalizador08-3.mp4,13,Esquina,8,3,h264,1920,1080,29.97002997002997,30.2306389262911,116,3.837167,True
13EsquinaSinalizador08-4,raw/13EsquinaSinalizador08-4.mp4,13,Esquina,8,4,h264,1920,1080,29.97002997002997,30.211723760110857,125,4.137467,True
13EsquinaSinalizador08-5,raw/13EsquinaSinalizador08-5.mp4,13,Esquina,8,5,h264,1920,1080,29.97002997002997,30.21568595339087,123,4.070733,True
13EsquinaSinalizador10-1,raw/13EsquinaSinalizador10-1.mp4,13,Esquina,10,1,h264,1920,1080,30.0,30.28846153846154,105,3.466667,True
13EsquinaSinalizador10-2,raw/13EsquinaSinalizador10-2.mp4,13,Esquina,10,2,h264,1920,1080,30.0,30.24590163934426,123,4.066667,True
13EsquinaSinalizador10-3,raw/13EsquinaSinalizador10-3.mp4,13,Esquina,10,3,h264,1920,1080,30.0,30.22222222222222,136,4.5,True
13EsquinaSinalizador10-4,raw/13EsquinaSinalizador10-4.mp4,13,Esquina,10,4,h264,1920,1080,30.0,30.297029702970296,102,3.366667,True
13EsquinaSinalizador10-5,raw/13EsquinaSinalizador10-5.mp4,13,Esquina,10,5,h264,1920,1080,30.0,30.227272727272727,133,4.4,True
13EsquinaSinalizador11-1,raw/13EsquinaSinalizador11-1.mp4,13,Esquina,11,1,h264,1920,1080,30.0,30.21897810218978,138,4.566667,True
13EsquinaSinalizador11-2,raw/13EsquinaSinalizador11-2.mp4,13,Esquina,11,2,h264,1920,1080,30.0,30.24,126,4.166667,True
13EsquinaSinalizador11-3,raw/13EsquinaSinalizador11-3.mp4,13,Esquina,11,3,h264,1920,1080,30.0,30.238095238095237,127,4.2,True
13EsquinaSinalizador11-4,raw/13EsquinaSinalizador11-4.mp4,13,Esquina,11,4,h264,1920,1080,30.0,30.21276595744681,142,4.7,True
13EsquinaSinalizador11-5,raw/13EsquinaSinalizador11-5.mp4,13,Esquina,11,5,h264,1920,1080,30.0,30.211267605633804,143,4.733333,True
13EsquinaSinalizador12-1,raw/13EsquinaSinalizador12-1.mp4,13,Esquina,12,1,h264,1920,1080,30.0,30.22222222222222,136,4.5,True
13EsquinaSinalizador12-2,raw/13EsquinaSinalizador12-2.mp4,13,Esquina,12,2,h264,1920,1080,30.0,30.16949152542373,178,5.9,True
13EsquinaSinalizador12-3,raw/13EsquinaSinalizador12-3.mp4,13,Esquina,12,3,h264,1920,1080,30.0,30.14851485148515,203,6.733333,True
13EsquinaSinalizador12-4,raw/13EsquinaSinalizador12-4.mp4,13,Esquina,12,4,h264,1920,1080,30.0,30.17751479289941,170,5.633333,True
13EsquinaSinalizador12-5,raw/13EsquinaSinalizador12-5.mp4,13,Esquina,12,5,h264,1920,1080,30.0,30.192307692307693,157,5.2,True
14FilhoSinalizador01-1,raw/14FilhoSinalizador01-1.mp4,14,Filho,1,1,h264,1920,1080,30.0,30.220588235294116,137,4.533333,True
14FilhoSinalizador01-2,raw/14FilhoSinalizador01-2.mp4,14,Filho,1,2,h264,1920,1080,30.0,30.241935483870968,125,4.133333,True
14FilhoSinalizador01-3,raw/14FilhoSinalizador01-3.mp4,14,Filho,1,3,h264,1920,1080,30.0,30.22222222222222,136,4.5,True
14FilhoSinalizador01-4,raw/14FilhoSinalizador01-4.mp4,14,Filho,1,4,h264,1920,1080,30.0,30.227272727272727,133,4.4,True
14FilhoSinalizador01-5,raw/14FilhoSinalizador01-5.mp4,14,Filho,1,5,h264,1920,1080,30.0,30.174418604651162,173,5.733333,True
14FilhoSinalizador02-1,raw/14FilhoSinalizador02-1.mp4,14,Filho,2,1,h264,1920,1080,30.0,30.256410256410255,118,3.9,True
14FilhoSinalizador02-2,raw/14FilhoSinalizador02-2.mp4,14,Filho,2,2,h264,1920,1080,30.0,30.24590163934426,123,4.066667,True
14FilhoSinalizador02-3,raw/14FilhoSinalizador02-3.mp4,14,Filho,2,3,h264,1920,1080,30.0,30.25,121,4.0,True
14FilhoSinalizador02-4,raw/14FilhoSinalizador02-4.mp4,14,Filho,2,4,h264,1920,1080,30.0,30.238095238095237,127,4.2,True
14FilhoSinalizador02-5,raw/14FilhoSinalizador02-5.mp4,14,Filho,2,5,h264,1920,1080,30.0,30.223880597014926,135,4.466667,True
14FilhoSinalizador05-1,raw/14FilhoSinalizador05-1.mp4,14,Filho,5,1,h264,1920,1080,30.0,30.238095238095237,127,4.2,True
14FilhoSinalizador05-2,raw/14FilhoSinalizador05-2.mp4,14,Filho,5,2,h264,1920,1080,30.0,30.223880597014926,135,4.466667,True
14FilhoSinalizador05-3,raw/14FilhoSinalizador05-3.mp4,14,Filho,5,3,h264,1920,1080,30.0,30.194805194805195,155,5.133333,True
14FilhoSinalizador05-4,raw/14FilhoSinalizador05-4.mp4,14,Filho,5,4,h264,1920,1080,30.0,30.303030303030305,100,3.3,True
14FilhoSinalizador05-5,raw/14FilhoSinalizador05-5.mp4,14,Filho,5,5,h264,1920,1080,30.0,30.217391304347824,139,4.6,True
14FilhoSinalizador06-1,raw/14FilhoSinalizador06-1.mp4,14,Filho,6,1,h264,1920,1080,30.0,30.25,121,4.0,True
14FilhoSinalizador06-2,raw/14FilhoSinalizador06-2.mp4,14,Filho,6,2,h264,1920,1080,30.0,30.265486725663717,114,3.766667,True
14FilhoSinalizador06-3,raw/14FilhoSinalizador06-3.mp4,14,Filho,6,3,h264,1920,1080,30.0,30.28301886792453,107,3.533333,True
14FilhoSinalizador06-4,raw/14FilhoSinalizador06-4.mp4,14,Filho,6,4,h264,1920,1080,30.0,30.26086956521739,116,3.833333,True
14FilhoSinalizador06-5,raw/14FilhoSinalizador06-5.mp4,14,Filho,6,5,h264,1920,1080,30.0,30.25,121,4.0,True
14FilhoSinalizador08-1,raw/14FilhoSinalizador08-1.mp4,14,Filho,8,1,h264,1920,1080,29.97002997002997,30.266762940030265,102,3.370033,True
14FilhoSinalizador08-2,raw/14FilhoSinalizador08-2.mp4,14,Filho,8,2,h264,1920,1080,29.97002997002997,30.27275754548482,100,3.3033,True
14FilhoSinalizador08-3,raw/14FilhoSinalizador08-3.mp4,14,Filho,8,3,h264,1920,1080,29.97002997002997,30.247530247530246,109,3.6036,True
14FilhoSinalizador08-4,raw/14FilhoSinalizador08-4.mp4,14,Filho,8,4,h264,1920,1080,29.97002997002997,30.266762940030265,102,3.370033,True
14FilhoSinalizador08-5,raw/14FilhoSinalizador08-5.mp4,14,Filho,8,5,h264,1920,1080,29.97002997002997,30.306771879805588,90,2.969633,True
14FilhoSinalizador10-1,raw/14FilhoSinalizador10-1.mp4,14,Filho,10,1,h264,1920,1080,30.0,30.34090909090909,89,2.933333,True
14FilhoSinalizador10-2,raw/14FilhoSinalizador10-2.mp4,14,Filho,10,2,h264,1920,1080,30.0,30.31578947368421,96,3.166667,True
14FilhoSinalizador10-3,raw/14FilhoSinalizador10-3.mp4,14,Filho,10,3,h264,1920,1080,30.0,30.394736842105264,77,2.533333,True
14FilhoSinalizador10-4,raw/14FilhoSinalizador10-4.mp4,14,Filho,10,4,h264,1920,1080,30.0,30.379746835443036,80,2.633333,True
14FilhoSinalizador10-5,raw/14FilhoSinalizador10-5.mp4,14,Filho,10,5,h264,1920,1080,30.0,30.394736842105264,77,2.533333,True
14FilhoSinalizador11-1,raw/14FilhoSinalizador11-1.mp4,14,Filho,11,1,h264,1920,1080,30.0,30.214285714285715,141,4.666667,True
14FilhoSinalizador11-2,raw/14FilhoSinalizador11-2.mp4,14,Filho,11,2,h264,1920,1080,30.0,30.217391304347824,139,4.6,True
14FilhoSinalizador11-3,raw/14FilhoSinalizador11-3.mp4,14,Filho,11,3,h264,1920,1080,30.0,30.194805194805195,155,5.133333,True
14FilhoSinalizador11-4,raw/14FilhoSinalizador11-4.mp4,14,Filho,11,4,h264,1920,1080,30.0,30.21897810218978,138,4.566667,True
14FilhoSinalizador11-5,raw/14FilhoSinalizador11-5.mp4,14,Filho,11,5,h264,1920,1080,30.0,30.201342281879196,150,4.966667,True
14FilhoSinalizador12-1,raw/14FilhoSinalizador12-1.mp4,14,Filho,12,1,h264,1920,1080,30.0,30.1875,161,5.333333,True
14FilhoSinalizador12-2,raw/14FilhoSinalizador12-2.mp4,14,Filho,12,2,h264,1920,1080,30.0,30.15625,193,6.4,True
14FilhoSinalizador12-3,raw/14FilhoSinalizador12-3.mp4,14,Filho,12,3,h264,1920,1080,30.0,30.182926829268293,165,5.466667,True
14FilhoSinalizador12-4,raw/14FilhoSinalizador12-4.mp4,14,Filho,12,4,h264,1920,1080,30.0,30.18633540372671,162,5.366667,True
14FilhoSinalizador12-5,raw/14FilhoSinalizador12-5.mp4,14,Filho,12,5,h264,1920,1080,30.0,30.17543859649123,172,5.7,True
15MacaSinalizador01-1,raw/15MacaSinalizador01-1.mp4,15,Maca,1,1,h264,1920,1080,30.0,30.26086956521739,116,3.833333,True
15MacaSinalizador01-2,raw/15MacaSinalizador01-2.mp4,15,Maca,1,2,h264,1920,1080,30.0,30.27777777777778,109,3.6,True
15MacaSinalizador01-3,raw/15MacaSinalizador01-3.mp4,15,Maca,1,3,h264,1920,1080,30.0,30.214285714285715,141,4.666667,True
15MacaSinalizador01-4,raw/15MacaSinalizador01-4.mp4,15,Maca,1,4,h264,1920,1080,30.0,30.241935483870968,125,4.133333,True
15MacaSinalizador01-5,raw/15MacaSinalizador01-5.mp4,15,Maca,1,5,h264,1920,1080,30.0,30.214285714285715,141,4.666667,True
15MacaSinalizador02-1,raw/15MacaSinalizador02-1.mp4,15,Maca,2,1,h264,1920,1080,30.0,30.24390243902439,124,4.1,True
15MacaSinalizador02-2,raw/15MacaSinalizador02-2.mp4,15,Maca,2,2,h264,1920,1080,30.0,30.18633540372671,162,5.366667,True
15MacaSinalizador02-3,raw/15MacaSinalizador02-3.mp4,15,Maca,2,3,h264,1920,1080,30.0,30.178571428571427,169,5.6,True
15MacaSinalizador02-4,raw/15MacaSinalizador02-4.mp4,15,Maca,2,4,h264,1920,1080,30.0,30.180722891566266,167,5.533333,True
15MacaSinalizador02-5,raw/15MacaSinalizador02-5.mp4,15,Maca,2,5,h264,1920,1080,30.0,30.191082802547772,158,5.233333,True
15MacaSinalizador05-1,raw/15MacaSinalizador05-1.mp4,15,Maca,5,1,h264,1920,1080,30.0,30.272727272727273,111,3.666667,True
15MacaSinalizador05-2,raw/15MacaSinalizador05-2.mp4,15,Maca,5,2,h264,1920,1080,30.0,30.194805194805195,155,5.133333,True
15MacaSinalizador05-3,raw/15MacaSinalizador05-3.mp4,15,Maca,5,3,h264,1920,1080,30.0,30.198675496688743,152,5.033333,True
15MacaSinalizador05-4,raw/15MacaSinalizador05-4.mp4,15,Maca,5,4,h264,1920,1080,30.0,30.189873417721518,159,5.266667,True
15MacaSinalizador05-5,raw/15MacaSinalizador05-5.mp4,15,Maca,5,5,h264,1920,1080,30.0,30.238095238095237,127,4.2,True
15MacaSinalizador06-1,raw/15MacaSinalizador06-1.mp4,15,Maca,6,1,h264,1920,1080,30.0,30.189873417721518,159,5.266667,True
15MacaSinalizador06-2,raw/15MacaSinalizador06-2.mp4,15,Maca,6,2,h264,1920,1080,30.0,30.19607843137255,154,5.1,True
15MacaSinalizador06-3,raw/15MacaSinalizador06-3.mp4,15,Maca,6,3,h264,1920,1080,30.0,30.1840490797546,164,5.433333,True
15MacaSinalizador06-4,raw/15MacaSinalizador06-4.mp4,15,Maca,6,4,h264,1920,1080,30.0,30.1840490797546,164,5.433333,True
15MacaSinalizador06-5,raw/15MacaSinalizador06-5.mp4,15,Maca,6,5,h264,1920,1080,30.0,30.1875,161,5.333333,True
15MacaSinalizador08-1,raw/15MacaSinalizador08-1.mp4,15,Maca,8,1,h264,1920,1080,29.97002997002997,30.197075651621105,133,4.4044,True
15MacaSinalizador08-2,raw/15MacaSinalizador08-2.mp4,15,Maca,8,2,h264,1920,1080,29.97002997002997,30.27275754548482,100,3.3033,True
15MacaSinalizador08-3,raw/15MacaSinalizador08-3.mp4,15,Maca,8,3,h264,1920,1080,29.97002997002997,30.198808824763024,132,4.371033,True
15MacaSinalizador08-4,raw/15MacaSinalizador08-4.mp4,15,Maca,8,4,h264,1920,1080,29.97002997002997,30.21568595339087,123,4.070733,True
15MacaSinalizador08-5,raw/15MacaSinalizador08-5.mp4,15,Maca,8,5,h264,1920,1080,29.97002997002997,30.22187896137476,120,3.970633,True
15MacaSinalizador10-1,raw/15MacaSinalizador10-1.mp4,15,Maca,10,1,h264,1920,1080,30.0,30.285714285714285,106,3.5,True
15MacaSinalizador10-2,raw/15MacaSinalizador10-2.mp4,15,Maca,10,2,h264,1920,1080,30.0,30.25423728813559,119,3.933333,True
15MacaSinalizador10-3,raw/15MacaSinalizador10-3.mp4,15,Maca,10,3,h264,1920,1080,30.0,30.267857142857142,113,3.733333,True
15MacaSinalizador10-4,raw/15MacaSinalizador10-4.mp4,15,Maca,10,4,h264,1920,1080,30.0,30.272727272727273,111,3.666667,True
15MacaSinalizador10-5,raw/15MacaSinalizador10-5.mp4,15,Maca,10,5,h264,1920,1080,30.0,30.24793388429752,122,4.033333,True
15MacaSinalizador11-1,raw/15MacaSinalizador11-1.mp4,15,Maca,11,1,h264,1920,1080,30.0,30.225563909774436,134,4.433333,True
15MacaSinalizador11-2,raw/15MacaSinalizador11-2.mp4,15,Maca,11,2,h264,1920,1080,30.0,30.1840490797546,164,5.433333,True
15MacaSinalizador11-3,raw/15MacaSinalizador11-3.mp4,15,Maca,11,3,h264,1920,1080,30.0,30.182926829268293,165,5.466667,True
15MacaSinalizador11-4,raw/15MacaSinalizador11-4.mp4,15,Maca,11,4,h264,1920,1080,30.0,30.194805194805195,155,5.133333,True
15MacaSinalizador11-5,raw/15MacaSinalizador11-5.mp4,15,Maca,11,5,h264,1920,1080,30.0,30.194805194805195,155,5.133333,True
15MacaSinalizador12-1,raw/15MacaSinalizador12-1.mp4,15,Maca,12,1,h264,1920,1080,30.0,30.19736842105263,153,5.066667,True
15MacaSinalizador12-2,raw/15MacaSinalizador12-2.mp4,15,Maca,12,2,h264,1920,1080,30.0,30.189873417721518,159,5.266667,True
15MacaSinalizador12-3,raw/15MacaSinalizador12-3.mp4,15,Maca,12,3,h264,1920,1080,30.0,30.194805194805195,155,5.133333,True
15MacaSinalizador12-4,raw/15MacaSinalizador12-4.mp4,15,Maca,12,4,h264,1920,1080,30.0,30.17751479289941,170,5.633333,True
15MacaSinalizador12-5,raw/15MacaSinalizador12-5.mp4,15,Maca,12,5,h264,1920,1080,30.0,30.16393442622951,184,6.1,True
16MedoSinalizador01-1,raw/16MedoSinalizador01-1.mp4,16,Medo,1,1,h264,1920,1080,30.0,30.27027027027027,112,3.7,True
16MedoSinalizador01-2,raw/16MedoSinalizador01-2.mp4,16,Medo,1,2,h264,1920,1080,30.0,30.211267605633804,143,4.733333,True
16MedoSinalizador01-3,raw/16MedoSinalizador01-3.mp4,16,Medo,1,3,h264,1920,1080,30.0,30.214285714285715,141,4.666667,True
16MedoSinalizador01-4,raw/16MedoSinalizador01-4.mp4,16,Medo,1,4,h264,1920,1080,30.0,30.192307692307693,157,5.2,True
16MedoSinalizador01-5,raw/16MedoSinalizador01-5.mp4,16,Medo,1,5,h264,1920,1080,30.0,30.201342281879196,150,4.966667,True
16MedoSinalizador02-1,raw/16MedoSinalizador02-1.mp4,16,Medo,2,1,h264,1920,1080,30.0,30.236220472440944,128,4.233333,True
16MedoSinalizador02-2,raw/16MedoSinalizador02-2.mp4,16,Medo,2,2,h264,1920,1080,30.0,30.174418604651162,173,5.733333,True
16MedoSinalizador02-3,raw/16MedoSinalizador02-3.mp4,16,Medo,2,3,h264,1920,1080,30.0,30.20408163265306,148,4.9,True
16MedoSinalizador02-4,raw/16MedoSinalizador02-4.mp4,16,Medo,2,4,h264,1920,1080,30.0,30.191082802547772,158,5.233333,True
16MedoSinalizador02-5,raw/16MedoSinalizador02-5.mp4,16,Medo,2,5,h264,1920,1080,30.0,30.238095238095237,127,4.2,True
16MedoSinalizador05-1,raw/16MedoSinalizador05-1.mp4,16,Medo,5,1,h264,1920,1080,30.0,30.272727272727273,111,3.666667,True
16MedoSinalizador05-2,raw/16MedoSinalizador05-2.mp4,16,Medo,5,2,h264,1920,1080,30.0,30.20979020979021,144,4.766667,True
16MedoSinalizador05-3,raw/16MedoSinalizador05-3.mp4,16,Medo,5,3,h264,1920,1080,30.0,30.256410256410255,118,3.9,True
16MedoSinalizador05-4,raw/16MedoSinalizador05-4.mp4,16,Medo,5,4,h264,1920,1080,30.0,30.3125,97,3.2,True
16MedoSinalizador05-5,raw/16MedoSinalizador05-5.mp4,16,Medo,5,5,h264,1920,1080,30.0,30.217391304347824,139,4.6,True
16MedoSinalizador06-1,raw/16MedoSinalizador06-1.mp4,16,Medo,6,1,h264,1920,1080,30.0,30.25423728813559,119,3.933333,True
16MedoSinalizador06-2,raw/16MedoSinalizador06-2.mp4,16,Medo,6,2,h264,1920,1080,30.0,30.223880597014926,135,4.466667,True
16MedoSinalizador06-3,raw/16MedoSinalizador06-3.mp4,16,Medo,6,3,h264,1920,1080,30.0,30.21276595744681,142,4.7,True
16MedoSinalizador06-4,raw/16MedoSinalizador06-4.mp4,16,Medo,6,4,h264,1920,1080,30.0,30.22222222222222,136,4.5,True
16MedoSinalizador06-5,raw/16MedoSinalizador06-5.mp4,16,Medo,6,5,h264,1920,1080,30.0,30.238095238095237,127,4.2,True
16MedoSinalizador08-1,raw/16MedoSinalizador08-1.mp4,16,Medo,8,1,h264,1920,1080,29.97002997002997,30.21978021978022,121,4.004,True
16MedoSinalizador08-2,raw/16MedoSinalizador08-2.mp4,16,Medo,8,2,h264,1920,1080,29.97002997002997,30.242484787939333,111,3.670333,True
16MedoSinalizador08-3,raw/16MedoSinalizador08-3.mp4,16,Medo,8,3,h264,1920,1080,29.97002997002997,30.252766101822704,107,3.536867,True
16MedoSinalizador08-4,raw/16MedoSinalizador08-4.mp4,16,Medo,8,4,h264,1920,1080,29.97002997002997,30.252766101822704,107,3.536867,True
16MedoSinalizador08-5,raw/16MedoSinalizador08-5.mp4,16,Medo,8,5,h264,1920,1080,29.97002997002997,30.202355783751134,130,4.3043,True
16MedoSinalizador10-1,raw/16MedoSinalizador10-1.mp4,16,Medo,10,1,h264,1920,1080,30.0,30.32967032967033,92,3.033333,True
16MedoSinalizador10-2,raw/16MedoSinalizador10-2.mp4,16,Medo,10,2,h264,1920,1080,30.0,30.263157894736842,115,3.8,True
16MedoSinalizador10-3,raw/16MedoSinalizador10-3.mp4,16,Medo,10,3,h264,1920,1080,30.0,30.306122448979593,99,3.266667,True
16MedoSinalizador10-4,raw/16MedoSinalizador10-4.mp4,16,Medo,10,4,h264,1920,1080,30.0,30.297029702970296,102,3.366667,True
16MedoSinalizador10-5,raw/16MedoSinalizador10-5.mp4,16,Medo,10,5,h264,1920,1080,30.0,30.344827586206897,88,2.9,True
16MedoSinalizador11-1,raw/16MedoSinalizador11-1.mp4,16,Medo,11,1,h264,1920,1080,30.0,30.211267605633804,143,4.733333,True
16MedoSinalizador11-2,raw/16MedoSinalizador11-2.mp4,16,Medo,11,2,h264,1920,1080,30.0,30.23076923076923,131,4.333333,True
16MedoSinalizador11-3,raw/16MedoSinalizador11-3.mp4,16,Medo,11,3,h264,1920,1080,30.0,30.22222222222222,136,4.5,True
16MedoSinalizador11-4,raw/16MedoSinalizador11-4.mp4,16,Medo,11,4,h264,1920,1080,30.0,30.241935483870968,125,4.133333,True
16MedoSinalizador11-5,raw/16MedoSinalizador11-5.mp4,16,Medo,11,5,h264,1920,1080,30.0,30.24793388429752,122,4.033333,True
16MedoSinalizador12-1,raw/16MedoSinalizador12-1.mp4,16,Medo,12,1,h264,1920,1080,30.0,30.241935483870968,125,4.133333,True
16MedoSinalizador12-2,raw/16MedoSinalizador12-2.mp4,16,Medo,12,2,h264,1920,1080,30.0,30.194805194805195,155,5.133333,True
16MedoSinalizador12-3,raw/16MedoSinalizador12-3.mp4,16,Medo,12,3,h264,1920,1080,30.0,30.182926829268293,165,5.466667,True
16MedoSinalizador12-4,raw/16MedoSinalizador12-4.mp4,16,Medo,12,4,h264,1920,1080,30.0,30.24,126,4.166667,True
16MedoSinalizador12-5,raw/16MedoSinalizador12-5.mp4,16,Medo,12,5,h264,1920,1080,30.0,30.201342281879196,150,4.966667,True
17RuimSinalizador01-1,raw/17RuimSinalizador01-1.mp4,17,Ruim,1,1,h264,1920,1080,30.0,30.223880597014926,135,4.466667,True
17RuimSinalizador01-2,raw/17RuimSinalizador01-2.mp4,17,Ruim,1,2,h264,1920,1080,30.0,30.24390243902439,124,4.1,True
17RuimSinalizador01-3,raw/17RuimSinalizador01-3.mp4,17,Ruim,1,3,h264,1920,1080,30.0,30.208333333333332,145,4.8,True
17RuimSinalizador01-4,raw/17RuimSinalizador01-4.mp4,17,Ruim,1,4,h264,1920,1080,30.0,30.238095238095237,127,4.2,True
17RuimSinalizador01-5,raw/17RuimSinalizador01-5.mp4,17,Ruim,1,5,h264,1920,1080,30.0,30.214285714285715,141,4.666667,True
17RuimSinalizador02-1,raw/17RuimSinalizador02-1.mp4,17,Ruim,2,1,h264,1920,1080,30.0,30.234375,129,4.266667,True
17RuimSinalizador02-2,raw/17RuimSinalizador02-2.mp4,17,Ruim,2,2,h264,1920,1080,30.0,30.223880597014926,135,4.466667,True
17RuimSinalizador02-3,raw/17RuimSinalizador02-3.mp4,17,Ruim,2,3,h264,1920,1080,30.0,30.179640718562876,168,5.566667,True
17RuimSinalizador02-4,raw/17RuimSinalizador02-4.mp4,17,Ruim,2,4,h264,1920,1080,30.0,30.181818181818183,166,5.5,True
17RuimSinalizador02-5,raw/17RuimSinalizador02-5.mp4,17,Ruim,2,5,h264,1920,1080,30.0,30.181818181818183,166,5.5,True
17RuimSinalizador05-1,raw/17RuimSinalizador05-1.mp4,17,Ruim,5,1,h264,1920,1080,30.0,30.220588235294116,137,4.533333,True
17RuimSinalizador05-2,raw/17RuimSinalizador05-2.mp4,17,Ruim,5,2,h264,1920,1080,30.0,30.236220472440944,128,4.233333,True
17RuimSinalizador05-3,raw/17RuimSinalizador05-3.mp4,17,Ruim,5,3,h264,1920,1080,30.0,30.26086956521739,116,3.833333,True
17RuimSinalizador05-4,raw/17RuimSinalizador05-4.mp4,17,Ruim,5,4,h264,1920,1080,30.0,30.272727272727273,111,3.666667,True
17RuimSinalizador05-5,raw/17RuimSinalizador05-5.mp4,17,Ruim,5,5,h264,1920,1080,30.0,30.2803738317757,108,3.566667,True
17RuimSinalizador06-1,raw/17RuimSinalizador06-1.mp4,17,Ruim,6,1,h264,1920,1080,30.0,30.227272727272727,133,4.4,True
17RuimSinalizador06-2,raw/17RuimSinalizador06-2.mp4,17,Ruim,6,2,h264,1920,1080,30.0,30.24,126,4.166667,True
17RuimSinalizador06-3,raw/17RuimSinalizador06-3.mp4,17,Ruim,6,3,h264,1920,1080,30.0,30.27027027027027,112,3.7,True
17RuimSinalizador06-4,raw/17RuimSinalizador06-4.mp4,17,Ruim,6,4,h264,1920,1080,30.0,30.25,121,4.0,True
17RuimSinalizador06-5,raw/17RuimSinalizador06-5.mp4,17,Ruim,6,5,h264,1920,1080,30.0,30.24,126,4.166667,True
17RuimSinalizador08-1,raw/17RuimSinalizador08-1.mp4,17,Ruim,8,1,h264,1920,1080,29.97002997002997,30.198808824763024,132,4.371033,True
17RuimSinalizador08-2,raw/17RuimSinalizador08-2.mp4,17,Ruim,8,2,h264,1920,1080,29.97002997002997,30.187204100247577,139,4.6046,True
17RuimSinalizador08-3,raw/17RuimSinalizador08-3.mp4,17,Ruim,8,3,h264,1920,1080,29.97002997002997,30.182583374072735,142,4.7047,True
17RuimSinalizador08-4,raw/17RuimSinalizador08-4.mp4,17,Ruim,8,4,h264,1920,1080,29.97002997002997,30.23525147418953,114,3.770433,True
17RuimSinalizador08-5,raw/17RuimSinalizador08-5.mp4,17,Ruim,8,5,h264,1920,1080,29.97002997002997,30.19368691010482,135,4.471133,True
17RuimSinalizador10-1,raw/17RuimSinalizador10-1.mp4,17,Ruim,10,1,h264,1920,1080,30.0,30.34090909090909,89,2.933333,True
17RuimSinalizador10-2,raw/17RuimSinalizador10-2.mp4,17,Ruim,10,2,h264,1920,1080,30.0,30.263157894736842,115,3.8,True
17RuimSinalizador10-3,raw/17RuimSinalizador10-3.mp4,17,Ruim,10,3,h264,1920,1080,30.0,30.333333333333332,91,3.0,True
17RuimSinalizador10-4,raw/17RuimSinalizador10-4.mp4,17,Ruim,10,4,h264,1920,1080,30.0,30.348837209302324,87,2.866667,True
17RuimSinalizador10-5,raw/17RuimSinalizador10-5.mp4,17,Ruim,10,5,h264,1920,1080,30.0,30.208333333333332,145,4.8,True
17RuimSinalizador11-1,raw/17RuimSinalizador11-1.mp4,17,Ruim,11,1,h264,1920,1080,30.0,30.192307692307693,157,5.2,True
17RuimSinalizador11-2,raw/17RuimSinalizador11-2.mp4,17,Ruim,11,2,h264,1920,1080,30.0,30.20689655172414,146,4.833333,True
17RuimSinalizador11-3,raw/17RuimSinalizador11-3.mp4,17,Ruim,11,3,h264,1920,1080,30.0,30.21276595744681,142,4.7,True
17RuimSinalizador11-4,raw/17RuimSinalizador11-4.mp4,17,Ruim,11,4,h264,1920,1080,30.0,30.20689655172414,146,4.833333,True
17RuimSinalizador11-5,raw/17RuimSinalizador11-5.mp4,17,Ruim,11,5,h264,1920,1080,30.0,30.220588235294116,137,4.533333,True
17RuimSinalizador12-1,raw/17RuimSinalizador12-1.mp4,17,Ruim,12,1,h264,1920,1080,30.0,30.24,126,4.166667,True
17RuimSinalizador12-2,raw/17RuimSinalizador12-2.mp4,17,Ruim,12,2,h264,1920,1080,30.0,30.170454545454547,177,5.866667,True
17RuimSinalizador12-3,raw/17RuimSinalizador12-3.mp4,17,Ruim,12,3,h264,1920,1080,30.0,30.191082802547772,158,5.233333,True
17RuimSinalizador12-4,raw/17RuimSinalizador12-4.mp4,17,Ruim,12,4,h264,1920,1080,30.0,30.2027027027027,149,4.933333,True
17RuimSinalizador12-5,raw/17RuimSinalizador12-5.mp4,17,Ruim,12,5,h264,1920,1080,30.0,30.194805194805195,155,5.133333,True
18SapoSinalizador01-1,raw/18SapoSinalizador01-1.mp4,18,Sapo,1,1,h264,1920,1080,30.0,30.267857142857142,113,3.733333,True
18SapoSinalizador01-2,raw/18SapoSinalizador01-2.mp4,18,Sapo,1,2,h264,1920,1080,30.0,30.220588235294116,137,4.533333,True
18SapoSinalizador01-3,raw/18SapoSinalizador01-3.mp4,18,Sapo,1,3,h264,1920,1080,30.0,30.232558139534884,130,4.3,True
18SapoSinalizador01-4,raw/18SapoSinalizador01-4.mp4,18,Sapo,1,4,h264,1920,1080,30.0,30.208333333333332,145,4.8,True
18SapoSinalizador01-5,raw/18SapoSinalizador01-5.mp4,18,Sapo,1,5,h264,1920,1080,30.0,30.229007633587788,132,4.366667,True
18SapoSinalizador02-1,raw/18SapoSinalizador02-1.mp4,18,Sapo,2,1,h264,1920,1080,30.0,30.15228426395939,198,6.566667,True
18SapoSinalizador02-2,raw/18SapoSinalizador02-2.mp4,18,Sapo,2,2,h264,1920,1080,30.0,30.205479452054796,147,4.866667,True
18SapoSinalizador02-3,raw/18SapoSinalizador02-3.mp4,18,Sapo,2,3,h264,1920,1080,30.0,30.179640718562876,168,5.566667,True
18SapoSinalizador02-4,raw/18SapoSinalizador02-4.mp4,18,Sapo,2,4,h264,1920,1080,30.0,30.182926829268293,165,5.466667,True
18SapoSinalizador02-5,raw/18SapoSinalizador02-5.mp4,18,Sapo,2,5,h264,1920,1080,30.0,30.21276595744681,142,4.7,True
18SapoSinalizador05-1,raw/18SapoSinalizador05-1.mp4,18,Sapo,5,1,h264,1920,1080,30.0,30.17241379310345,175,5.8,True
18SapoSinalizador05-2,raw/18SapoSinalizador05-2.mp4,18,Sapo,5,2,h264,1920,1080,30.0,30.17241379310345,175,5.8,True
18SapoSinalizador05-3,raw/18SapoSinalizador05-3.mp4,18,Sapo,5,3,h264,1920,1080,30.0,30.178571428571427,169,5.6,True
18SapoSinalizador05-4,raw/18SapoSinalizador05-4.mp4,18,Sapo,5,4,h264,1920,1080,30.0,30.20979020979021,144,4.766667,True
18SapoSinalizador05-5,raw/18SapoSinalizador05-5.mp4,18,Sapo,5,5,h264,1920,1080,30.0,30.20689655172414,146,4.833333,True
18SapoSinalizador06-1,raw/18SapoSinalizador06-1.mp4,18,Sapo,6,1,h264,1920,1080,30.0,30.20689655172414,146,4.833333,True
18SapoSinalizador06-2,raw/18SapoSinalizador06-2.mp4,18,Sapo,6,2,h264,1920,1080,30.0,30.192307692307693,157,5.2,True
18SapoSinalizador06-3,raw/18SapoSinalizador06-3.mp4,18,Sapo,6,3,h264,1920,1080,30.0,30.181818181818183,166,5.5,True
18SapoSinalizador06-4,raw/18SapoSinalizador06-4.mp4,18,Sapo,6,4,h264,1920,1080,30.0,30.21897810218978,138,4.566667,True
18SapoSinalizador06-5,raw/18SapoSinalizador06-5.mp4,18,Sapo,6,5,h264,1920,1080,30.0,30.208333333333332,145,4.8,True
18SapoSinalizador08-1,raw/18SapoSinalizador08-1.mp4,18,Sapo,8,1,h264,1920,1080,29.97002997002997,30.232924969767076,115,3.8038,True
18SapoSinalizador08-2,raw/18SapoSinalizador08-2.mp4,18,Sapo,8,2,h264,1920,1080,29.97002997002997,30.206014457982963,128,4.237567,True
18SapoSinalizador08-3,raw/18SapoSinalizador08-3.mp4,18,Sapo,8,3,h264,1920,1080,29.97002997002997,30.160921880667104,158,5.238567,True
18SapoSinalizador08-4,raw/18SapoSinalizador08-4.mp4,18,Sapo,8,4,h264,1920,1080,29.97002997002997,30.202355783751134,130,4.3043,True
18SapoSinalizador08-5,raw/18SapoSinalizador08-5.mp4,18,Sapo,8,5,h264,1920,1080,29.97002997002997,30.19368691010482,135,4.471133,True
18SapoSinalizador10-1,raw/18SapoSinalizador10-1.mp4,18,Sapo,10,1,h264,1920,1080,30.0,30.232558139534884,130,4.3,True
18SapoSinalizador10-2,raw/18SapoSinalizador10-2.mp4,18,Sapo,10,2,h264,1920,1080,30.0,30.272727272727273,111,3.666667,True
18SapoSinalizador10-3,raw/18SapoSinalizador10-3.mp4,18,Sapo,10,3,h264,1920,1080,30.0,30.285714285714285,106,3.5,True
18SapoSinalizador10-4,raw/18SapoSinalizador10-4.mp4,18,Sapo,10,4,h264,1920,1080,30.0,30.27777777777778,109,3.6,True
18SapoSinalizador10-5,raw/18SapoSinalizador10-5.mp4,18,Sapo,10,5,h264,1920,1080,30.0,30.24590163934426,123,4.066667,True
18SapoSinalizador11-1,raw/18SapoSinalizador11-1.mp4,18,Sapo,11,1,h264,1920,1080,30.0,30.238095238095237,127,4.2,True
18SapoSinalizador11-2,raw/18SapoSinalizador11-2.mp4,18,Sapo,11,2,h264,1920,1080,30.0,30.20408163265306,148,4.9,True
18SapoSinalizador11-3,raw/18SapoSinalizador11-3.mp4,18,Sapo,11,3,h264,1920,1080,30.0,30.217391304347824,139,4.6,True
18SapoSinalizador11-4,raw/18SapoSinalizador11-4.mp4,18,Sapo,11,4,h264,1920,1080,30.0,30.1840490797546,164,5.433333,True
18SapoSinalizador11-5,raw/18SapoSinalizador11-5.mp4,18,Sapo,11,5,h264,1920,1080,30.0,30.192307692307693,157,5.2,True
18SapoSinalizador12-1,raw/18SapoSinalizador12-1.mp4,18,Sapo,12,1,h264,1920,1080,30.0,30.16216216216216,186,6.166667,True
18SapoSinalizador12-2,raw/18SapoSinalizador12-2.mp4,18,Sapo,12,2,h264,1920,1080,30.0,30.15463917525773,195,6.466667,True
18SapoSinalizador12-3,raw/18SapoSinalizador12-3.mp4,18,Sapo,12,3,h264,1920,1080,30.0,30.17543859649123,172,5.7,True
18SapoSinalizador12-4,raw/18SapoSinalizador12-4.mp4,18,Sapo,12,4,h264,1920,1080,30.0,30.155440414507773,194,6.433333,True
18SapoSinalizador12-5,raw/18SapoSinalizador12-5.mp4,18,Sapo,12,5,h264,1920,1080,30.0,30.176470588235293,171,5.666667,True
19VacinaSinalizador01-1,raw/19VacinaSinalizador01-1.mp4,19,Vacina,1,1,h264,1920,1080,30.0,30.194805194805195,155,5.133333,True
19VacinaSinalizador01-2,raw/19VacinaSinalizador01-2.mp4,19,Vacina,1,2,h264,1920,1080,30.0,30.27027027027027,112,3.7,True
19VacinaSinalizador01-3,raw/19VacinaSinalizador01-3.mp4,19,Vacina,1,3,h264,1920,1080,30.0,30.225563909774436,134,4.433333,True
19VacinaSinalizador01-4,raw/19VacinaSinalizador01-4.mp4,19,Vacina,1,4,h264,1920,1080,30.0,30.3,101,3.333333,True
19VacinaSinalizador01-5,raw/19VacinaSinalizador01-5.mp4,19,Vacina,1,5,h264,1920,1080,30.0,30.193548387096776,156,5.166667,True
19VacinaSinalizador02-1,raw/19VacinaSinalizador02-1.mp4,19,Vacina,2,1,h264,1920,1080,30.0,30.217391304347824,139,4.6,True
19VacinaSinalizador02-2,raw/19VacinaSinalizador02-2.mp4,19,Vacina,2,2,h264,1920,1080,30.0,30.232558139534884,130,4.3,True
19VacinaSinalizador02-3,raw/19VacinaSinalizador02-3.mp4,19,Vacina,2,3,h264,1920,1080,30.0,30.16759776536313,180,5.966667,True
19VacinaSinalizador02-4,raw/19VacinaSinalizador02-4.mp4,19,Vacina,2,4,h264,1920,1080,30.0,30.201342281879196,150,4.966667,True
19VacinaSinalizador02-5,raw/19VacinaSinalizador02-5.mp4,19,Vacina,2,5,h264,1920,1080,30.0,30.164835164835164,183,6.066667,True
19VacinaSinalizador05-1,raw/19VacinaSinalizador05-1.mp4,19,Vacina,5,1,h264,1920,1080,30.0,30.189873417721518,159,5.266667,True
19VacinaSinalizador05-2,raw/19VacinaSinalizador05-2.mp4,19,Vacina,5,2,h264,1920,1080,30.0,30.24390243902439,124,4.1,True
19VacinaSinalizador05-3,raw/19VacinaSinalizador05-3.mp4,19,Vacina,5,3,h264,1920,1080,30.0,30.238095238095237,127,4.2,True
19VacinaSinalizador05-4,raw/19VacinaSinalizador05-4.mp4,19,Vacina,5,4,h264,1920,1080,30.0,30.25,121,4.0,True
19VacinaSinalizador05-5,raw/19VacinaSinalizador05-5.mp4,19,Vacina,5,5,h264,1920,1080,30.0,30.208333333333332,145,4.8,True
19VacinaSinalizador06-1,raw/19VacinaSinalizador06-1.mp4,19,Vacina,6,1,h264,1920,1080,30.0,30.225563909774436,134,4.433333,True
19VacinaSinalizador06-2,raw/19VacinaSinalizador06-2.mp4,19,Vacina,6,2,h264,1920,1080,30.0,30.217391304347824,139,4.6,True
19VacinaSinalizador06-3,raw/19VacinaSinalizador06-3.mp4,19,Vacina,6,3,h264,1920,1080,30.0,30.208333333333332,145,4.8,True
19VacinaSinalizador06-4,raw/19VacinaSinalizador06-4.mp4,19,Vacina,6,4,h264,1920,1080,30.0,30.208333333333332,145,4.8,True
19VacinaSinalizador06-5,raw/19VacinaSinalizador06-5.mp4,19,Vacina,6,5,h264,1920,1080,30.0,30.20979020979021,144,4.766667,True
19VacinaSinalizador08-1,raw/19VacinaSinalizador08-1.mp4,19,Vacina,8,1,h264,1920,1080,29.97002997002997,30.288860076094117,95,3.136467,True
19VacinaSinalizador08-2,raw/19VacinaSinalizador08-2.mp4,19,Vacina,8,2,h264,1920,1080,29.97002997002997,30.263853793265557,103,3.4034,True
19VacinaSinalizador08-3,raw/19VacinaSinalizador08-3.mp4,19,Vacina,8,3,h264,1920,1080,29.97002997002997,30.2789993511643,98,3.236567,True
19VacinaSinalizador08-4,raw/19VacinaSinalizador08-4.mp4,19,Vacina,8,4,h264,1920,1080,29.97002997002997,30.22618407233792,118,3.9039,True
19VacinaSinalizador08-5,raw/19VacinaSinalizador08-5.mp4,19,Vacina,8,5,h264,1920,1080,29.97002997002997,30.217716168129392,122,4.037367,True
19VacinaSinalizador10-1,raw/19VacinaSinalizador10-1.mp4,19,Vacina,10,1,h264,1920,1080,30.0,30.303030303030305,100,3.3,True
19VacinaSinalizador10-2,raw/19VacinaSinalizador10-2.mp4,19,Vacina,10,2,h264,1920,1080,30.0,30.28301886792453,107,3.533333,True
19VacinaSinalizador10-3,raw/19VacinaSinalizador10-3.mp4,19,Vacina,10,3,h264,1920,1080,30.0,30.333333333333332,91,3.0,True
19VacinaSinalizador10-4,raw/19VacinaSinalizador10-4.mp4,19,Vacina,10,4,h264,1920,1080,30.0,30.333333333333332,91,3.0,True
19VacinaSinalizador10-5,raw/19VacinaSinalizador10-5.mp4,19,Vacina,10,5,h264,1920,1080,30.0,30.297029702970296,102,3.366667,True
19VacinaSinalizador11-1,raw/19VacinaSinalizador11-1.mp4,19,Vacina,11,1,h264,1920,1080,30.0,30.234375,129,4.266667,True
19VacinaSinalizador11-2,raw/19VacinaSinalizador11-2.mp4,19,Vacina,11,2,h264,1920,1080,30.0,30.211267605633804,143,4.733333,True
19VacinaSinalizador11-3,raw/19VacinaSinalizador11-3.mp4,19,Vacina,11,3,h264,1920,1080,30.0,30.181818181818183,166,5.5,True
19VacinaSinalizador11-4,raw/19VacinaSinalizador11-4.mp4,19,Vacina,11,4,h264,1920,1080,30.0,30.20689655172414,146,4.833333,True
19VacinaSinalizador11-5,raw/19VacinaSinalizador11-5.mp4,19,Vacina,11,5,h264,1920,1080,30.0,30.22222222222222,136,4.5,True
19VacinaSinalizador12-1,raw/19VacinaSinalizador12-1.mp4,19,Vacina,12,1,h264,1920,1080,30.0,30.214285714285715,141,4.666667,True
19VacinaSinalizador12-2,raw/19VacinaSinalizador12-2.mp4,19,Vacina,12,2,h264,1920,1080,30.0,30.232558139534884,130,4.3,True
19VacinaSinalizador12-3,raw/19VacinaSinalizador12-3.mp4,19,Vacina,12,3,h264,1920,1080,30.0,30.201342281879196,150,4.966667,True
19VacinaSinalizador12-4,raw/19VacinaSinalizador12-4.mp4,19,Vacina,12,4,h264,1920,1080,30.0,30.20408163265306,148,4.9,True
19VacinaSinalizador12-5,raw/19VacinaSinalizador12-5.mp4,19,Vacina,12,5,h264,1920,1080,30.0,30.217391304347824,139,4.6,True
20VontadeSinalizador01-1,raw/20VontadeSinalizador01-1.mp4,20,Vontade,1,1,h264,1920,1080,30.0,30.19607843137255,154,5.1,True
20VontadeSinalizador01-2,raw/20VontadeSinalizador01-2.mp4,20,Vontade,1,2,h264,1920,1080,30.0,30.20408163265306,148,4.9,True
20VontadeSinalizador01-3,raw/20VontadeSinalizador01-3.mp4,20,Vontade,1,3,h264,1920,1080,30.0,30.214285714285715,141,4.666667,True
20VontadeSinalizador01-4,raw/20VontadeSinalizador01-4.mp4,20,Vontade,1,4,h264,1920,1080,30.0,30.22222222222222,136,4.5,True
20VontadeSinalizador01-5,raw/20VontadeSinalizador01-5.mp4,20,Vontade,1,5,h264,1920,1080,30.0,30.20689655172414,146,4.833333,True
20VontadeSinalizador02-1,raw/20VontadeSinalizador02-1.mp4,20,Vontade,2,1,h264,1920,1080,30.0,30.227272727272727,133,4.4,True
20VontadeSinalizador02-2,raw/20VontadeSinalizador02-2.mp4,20,Vontade,2,2,h264,1920,1080,30.0,30.211267605633804,143,4.733333,True
20VontadeSinalizador02-3,raw/20VontadeSinalizador02-3.mp4,20,Vontade,2,3,h264,1920,1080,30.0,30.201342281879196,150,4.966667,True
20VontadeSinalizador02-4,raw/20VontadeSinalizador02-4.mp4,20,Vontade,2,4,h264,1920,1080,30.0,30.150753768844222,200,6.633333,True
20VontadeSinalizador02-5,raw/20VontadeSinalizador02-5.mp4,20,Vontade,2,5,h264,1920,1080,30.0,30.181818181818183,166,5.5,True
20VontadeSinalizador05-1,raw/20VontadeSinalizador05-1.mp4,20,Vontade,5,1,h264,1920,1080,30.0,30.238095238095237,127,4.2,True
20VontadeSinalizador05-2,raw/20VontadeSinalizador05-2.mp4,20,Vontade,5,2,h264,1920,1080,30.0,30.24793388429752,122,4.033333,True
20VontadeSinalizador05-3,raw/20VontadeSinalizador05-3.mp4,20,Vontade,5,3,h264,1920,1080,30.0,30.229007633587788,132,4.366667,True
20VontadeSinalizador05-4,raw/20VontadeSinalizador05-4.mp4,20,Vontade,5,4,h264,1920,1080,30.0,30.220588235294116,137,4.533333,True
20VontadeSinalizador05-5,raw/20VontadeSinalizador05-5.mp4,20,Vontade,5,5,h264,1920,1080,30.0,30.22222222222222,136,4.5,True
20VontadeSinalizador06-1,raw/20VontadeSinalizador06-1.mp4,20,Vontade,6,1,h264,1920,1080,30.0,30.181818181818183,166,5.5,True
20VontadeSinalizador06-2,raw/20VontadeSinalizador06-2.mp4,20,Vontade,6,2,h264,1920,1080,30.0,30.229007633587788,132,4.366667,True
20VontadeSinalizador06-3,raw/20VontadeSinalizador06-3.mp4,20,Vontade,6,3,h264,1920,1080,30.0,30.19736842105263,153,5.066667,True
20VontadeSinalizador06-4,raw/20VontadeSinalizador06-4.mp4,20,Vontade,6,4,h264,1920,1080,30.0,30.217391304347824,139,4.6,True
20VontadeSinalizador06-5,raw/20VontadeSinalizador06-5.mp4,20,Vontade,6,5,h264,1920,1080,30.0,30.19607843137255,154,5.1,True
20VontadeSinalizador08-1,raw/20VontadeSinalizador08-1.mp4,20,Vontade,8,1,h264,1920,1080,29.97002997002997,30.19203019203019,136,4.5045,True
20VontadeSinalizador08-2,raw/20VontadeSinalizador08-2.mp4,20,Vontade,8,2,h264,1920,1080,29.97002997002997,30.13935217325048,178,5.9059,True
20VontadeSinalizador08-3,raw/20VontadeSinalizador08-3.mp4,20,Vontade,8,3,h264,1920,1080,29.97002997002997,30.156179224502207,162,5.372033,True
20VontadeSinalizador08-4,raw/20VontadeSinalizador08-4.mp4,20,Vontade,8,4,h264,1920,1080,29.97002997002997,30.167201219832798,153,5.071733,True
20VontadeSinalizador08-5,raw/20VontadeSinalizador08-5.mp4,20,Vontade,8,5,h264,1920,1080,29.97002997002997,30.19039783745666,137,4.537867,True
20VontadeSinalizador10-1,raw/20VontadeSinalizador10-1.mp4,20,Vontade,10,1,h264,1920,1080,30.0,30.333333333333332,91,3.0,True
20VontadeSinalizador10-2,raw/20VontadeSinalizador10-2.mp4,20,Vontade,10,2,h264,1920,1080,30.0,30.32608695652174,93,3.066667,True
20VontadeSinalizador10-3,raw/20VontadeSinalizador10-3.mp4,20,Vontade,10,3,h264,1920,1080,30.0,30.29126213592233,104,3.433333,True
20VontadeSinalizador10-4,raw/20VontadeSinalizador10-4.mp4,20,Vontade,10,4,h264,1920,1080,30.0,30.303030303030305,100,3.3,True
20VontadeSinalizador10-5,raw/20VontadeSinalizador10-5.mp4,20,Vontade,10,5,h264,1920,1080,30.0,30.297029702970296,102,3.366667,True
20VontadeSinalizador11-1,raw/20VontadeSinalizador11-1.mp4,20,Vontade,11,1,h264,1920,1080,30.0,30.194805194805195,155,5.133333,True
20VontadeSinalizador11-2,raw/20VontadeSinalizador11-2.mp4,20,Vontade,11,2,h264,1920,1080,30.0,30.194805194805195,155,5.133333,True
20VontadeSinalizador11-3,raw/20VontadeSinalizador11-3.mp4,20,Vontade,11,3,h264,1920,1080,30.0,30.20689655172414,146,4.833333,True
20VontadeSinalizador11-4,raw/20VontadeSinalizador11-4.mp4,20,Vontade,11,4,h264,1920,1080,30.0,30.179640718562876,168,5.566667,True
20VontadeSinalizador11-5,raw/20VontadeSinalizador11-5.mp4,20,Vontade,11,5,h264,1920,1080,30.0,30.189873417721518,159,5.266667,True
20VontadeSinalizador12-1,raw/20VontadeSinalizador12-1.mp4,20,Vontade,12,1,h264,1920,1080,30.0,30.191082802547772,158,5.233333,True
20VontadeSinalizador12-2,raw/20VontadeSinalizador12-2.mp4,20,Vontade,12,2,h264,1920,1080,30.0,30.211267605633804,143,4.733333,True
20VontadeSinalizador12-3,raw/20VontadeSinalizador12-3.mp4,20,Vontade,12,3,h264,1920,1080,30.0,30.173410404624278,174,5.766667,True
20VontadeSinalizador12-4,raw/20VontadeSinalizador12-4.mp4,20,Vontade,12,4,h264,1920,1080,30.0,30.229007633587788,132,4.366667,True
20VontadeSinalizador12-5,raw/20VontadeSinalizador12-5.mp4,20,Vontade,12,5,h264,1920,1080,30.0,30.180722891566266,167,5.533333,True
